아페쎄,A.P.C,APC,코트,아우터,,,"{'자켓': '자켓','블레이저': '자켓','재킷': '자켓','블레이져': '자켓','blazer': '자켓','jacket': '자켓','코트': '코트','coat': '코트','점퍼': '점퍼','jumper': '점퍼','베스트': '베스트','vest': '베스트','트렌치': '트렌치','버버리': '트렌치','trench': '트렌치','패딩': '패딩','다운': '패딩','padding': '패딩','down': '패딩'}"
아페쎄,A.P.C,APC,탑,상의,,,"{'블라우스': '블라우스','blouse': '블라우스','셔츠': '셔츠','shirt': '셔츠','shirts': '셔츠','티셔츠': '티셔츠','가디건': '가디건','cardigan': '가디건','니트': '니트/스웨터','스웨터': '니트/스웨터','knit': '니트/스웨터','sweater': '니트/스웨터'}"
아페쎄,A.P.C,APC,팬츠,바지,,,"{'데님': '데님','진': '데님','청바지': '데님','denim': '데님','jeans': '데님','팬츠': '팬츠','pants': '팬츠','바지': '팬츠','슬랙스': '팬츠'}"
아페쎄,A.P.C,APC,블라우스,상의,블라우스,,
아페쎄,A.P.C,APC,셔츠,상의,셔츠,,
아페쎄,A.P.C,APC,니트,상의,니트/스웨터,,
아페쎄,A.P.C,APC,가디건,상의,가디건,,
아페쎄,A.P.C,APC,원피스,원피스/세트,,,
아페쎄,A.P.C,APC,자켓,아우터,자켓,,
아페쎄,A.P.C,APC,스커트,스커트,,,
아페쎄,A.P.C,APC,슈즈,신발,,,
아크네 스튜디오,Acene Studios,ACNESTUDIOS,스커트,스커트,,,
알렉산더왕,alexanderwang,ALEXANDERWANG,자켓/베스트,아우터,,,"{'자켓': '자켓','블레이저': '자켓','재킷': '자켓','블레이져': '자켓','blazer': '자켓','jacket': '자켓','코트': '코트','coat': '코트','점퍼': '점퍼','jumper': '점퍼','베스트': '베스트','vest': '베스트','트렌치': '코트','버버리': '코트','trench': '코트','패딩': '패딩','다운': '패딩','padding': '패딩','down': '패딩'}"
알렉산더왕,alexanderwang,ALEXANDERWANG,상의,상의,,,"{'블라우스': '블라우스','blouse': '블라우스','셔츠': '셔츠','shirt': '셔츠','shirts': '셔츠'}"
알렉산더왕,alexanderwang,ALEXANDERWANG,팬츠,바지,,,"{'데님': '데님','진': '데님','청바지': '데님','denim': '데님','jeans': '데님','팬츠': '팬츠','pants': '팬츠','바지': '팬츠','슬랙스': '팬츠'}"
알렉산더왕,alexanderwang,ALEXANDERWANG,니트,상의,,,"{'가디건': '가디건', 'cardigan': '가디건', '니트': '니트/스웨터', '스웨터': '니트/스웨터', 'knit': '니트/스웨터', 'sweater': '니트/스웨터'}"
알렉산더왕,alexanderwang,ALEXANDERWANG,티셔츠,상의,티셔츠,,
알렉산더왕,alexanderwang,ALEXANDERWANG,스커트,스커트,,,
알렉산더왕,alexanderwang,ALEXANDERWANG,코트,아우터,코트,,
알렉산더왕,alexanderwang,ALEXANDERWANG,점퍼,아우터,점퍼,,
알렉산더왕,alexanderwang,ALEXANDERWANG,원피스/점프수트,원피스/세트,,,
올세인츠,ALLSAINTS,ALLSAINTS,자켓/베스트,아우터,,,"{'자켓': '자켓','블레이저': '자켓','재킷': '자켓','블레이져': '자켓','blazer': '자켓','jacket': '자켓','코트': '코트','coat': '코트','점퍼': '점퍼','jumper': '점퍼','베스트': '베스트','vest': '베스트','트렌치': '코트','버버리': '코트','trench': '코트','패딩': '패딩','다운': '패딩','padding': '패딩','down': '패딩'}"
올세인츠,ALLSAINTS,ALLSAINTS,코트,아우터,코트,,"{'자켓': '자켓','블레이저': '자켓','재킷': '자켓','블레이져': '자켓','blazer': '자켓','jacket': '자켓','코트': '코트','coat': '코트','점퍼': '점퍼','jumper': '점퍼','베스트': '베스트','vest': '베스트','트렌치': '코트','버버리': '코트','trench': '코트','패딩': '패딩','다운': '패딩','padding': '패딩','down': '패딩'}"
올세인츠,ALLSAINTS,ALLSAINTS,상의,상의,,,"{'블라우스': '블라우스','blouse': '블라우스','셔츠': '셔츠','shirt': '셔츠','shirts': '셔츠'}"
올세인츠,ALLSAINTS,ALLSAINTS,팬츠,바지,,,"{'데님': '데님','진': '데님','청바지': '데님','denim': '데님','jeans': '데님','팬츠': '팬츠','pants': '팬츠','바지': '팬츠','슬랙스': '팬츠'}"
올세인츠,ALLSAINTS,ALLSAINTS,니트,상의,,,"{'가디건': '가디건', 'cardigan': '가디건', '니트': '니트/스웨터', '스웨터': '니트/스웨터', 'knit': '니트/스웨터', 'sweater': '니트/스웨터'}"
올세인츠,ALLSAINTS,ALLSAINTS,티셔츠,상의,티셔츠,,
올세인츠,ALLSAINTS,ALLSAINTS,스커트,스커트,,,
올세인츠,ALLSAINTS,ALLSAINTS,원피스/점프수트,원피스/세트,,,
아르마니 익스체인지,ARMANI EXCHANGE,ARMANIEXCHANGE,자켓/베스트,아우터,,,"{'자켓': '자켓','블레이저': '자켓','재킷': '자켓','블레이져': '자켓','blazer': '자켓','jacket': '자켓','코트': '코트','coat': '코트','점퍼': '점퍼','jumper': '점퍼','베스트': '베스트','vest': '베스트','트렌치': '코트','버버리': '코트','trench': '코트','패딩': '패딩','다운': '패딩','padding': '패딩','down': '패딩'}"
아르마니 익스체인지,ARMANI EXCHANGE,ARMANIEXCHANGE,코트,아우터,,,"{'자켓': '자켓','블레이저': '자켓','재킷': '자켓','블레이져': '자켓','blazer': '자켓','jacket': '자켓','코트': '코트','coat': '코트','점퍼': '점퍼','jumper': '점퍼','베스트': '베스트','vest': '베스트','트렌치': '코트','버버리': '코트','trench': '코트','패딩': '패딩','다운': '패딩','padding': '패딩','down': '패딩'}"
아르마니 익스체인지,ARMANI EXCHANGE,ARMANIEXCHANGE,점퍼,아우터,,,"{'자켓': '자켓','블레이저': '자켓','재킷': '자켓','블레이져': '자켓','blazer': '자켓','jacket': '자켓','코트': '코트','coat': '코트','점퍼': '점퍼','jumper': '점퍼','베스트': '베스트','vest': '베스트','트렌치': '코트','버버리': '코트','trench': '코트','패딩': '패딩','다운': '패딩','padding': '패딩','down': '패딩'}"
아르마니 익스체인지,ARMANI EXCHANGE,ARMANIEXCHANGE,상의,상의,,,"{'블라우스': '블라우스','blouse': '블라우스','셔츠': '셔츠','shirt': '셔츠','shirts': '셔츠'}"
아르마니 익스체인지,ARMANI EXCHANGE,ARMANIEXCHANGE,팬츠,바지,,,"{'데님': '데님','진': '데님','청바지': '데님','denim': '데님','jeans': '데님','팬츠': '팬츠','pants': '팬츠','바지': '팬츠','슬랙스': '팬츠'}"
아르마니 익스체인지,ARMANI EXCHANGE,ARMANIEXCHANGE,니트,상의,,,"{'가디건': '가디건', 'cardigan': '가디건', '니트': '니트/스웨터', '스웨터': '니트/스웨터', 'knit': '니트/스웨터', 'sweater': '니트/스웨터'}"
아르마니 익스체인지,ARMANI EXCHANGE,ARMANIEXCHANGE,티셔츠,상의,티셔츠,,
아르마니 익스체인지,ARMANI EXCHANGE,ARMANIEXCHANGE,스커트,스커트,,,
아르마니 익스체인지,ARMANI EXCHANGE,ARMANIEXCHANGE,원피스/점프수트,원피스/세트,,,
아스페시,Aspesi,ASPESI,아우터,아우터,,,"{'자켓': '자켓','블레이저': '자켓','재킷': '자켓','블레이져': '자켓','blazer': '자켓','jacket': '자켓','코트': '코트','coat': '코트','점퍼': '점퍼','jumper': '점퍼','베스트': '베스트','vest': '베스트','트렌치': '코트','버버리': '코트','trench': '코트','패딩': '패딩','다운': '패딩','padding': '패딩','down': '패딩'}"
아스페시,Aspesi,ASPESI,상의,상의,,,"{'블라우스': '블라우스','blouse': '블라우스','셔츠': '셔츠','shirt': '셔츠','shirts': '셔츠'}"
아스페시,Aspesi,ASPESI,팬츠,바지,,,"{'데님': '데님','진': '데님','청바지': '데님','denim': '데님','jeans': '데님','팬츠': '팬츠','pants': '팬츠','바지': '팬츠','슬랙스': '팬츠'}"
아스페시,Aspesi,ASPESI,니트,상의,,,"{'가디건': '가디건', 'cardigan': '가디건', '니트': '니트/스웨터', '스웨터': '니트/스웨터', 'knit': '니트/스웨터', 'sweater': '니트/스웨터'}"
아스페시,Aspesi,ASPESI,스커트,스커트,,,
아스페시,Aspesi,ASPESI,원피스,원피스/세트,,,
아스페시,Aspesi,ASPESI,티셔츠,상의,티셔츠,,
바레나 베네치아,Barena Venezia,BARENAVENEZIA,아우터,아우터,,,"{'자켓': '자켓','블레이저': '자켓','재킷': '자켓','블레이져': '자켓','blazer': '자켓','jacket': '자켓','코트': '코트','coat': '코트','점퍼': '점퍼','jumper': '점퍼','베스트': '베스트','vest': '베스트','트렌치': '코트','버버리': '코트','trench': '코트','패딩': '패딩','다운': '패딩','padding': '패딩','down': '패딩'}"
바레나 베네치아,Barena Venezia,BARENAVENEZIA,재킷/베스트,아우터,,,"{'자켓': '자켓','블레이저': '자켓','재킷': '자켓','블레이져': '자켓','blazer': '자켓','jacket': '자켓','코트': '코트','coat': '코트','점퍼': '점퍼','jumper': '점퍼','베스트': '베스트','vest': '베스트','트렌치': '코트','버버리': '코트','trench': '코트','패딩': '패딩','다운': '패딩','padding': '패딩','down': '패딩'}"
바레나 베네치아,Barena Venezia,BARENAVENEZIA,상의,상의,,,"{'블라우스': '블라우스','blouse': '블라우스','셔츠': '셔츠','shirt': '셔츠','shirts': '셔츠'}"
바레나 베네치아,Barena Venezia,BARENAVENEZIA,팬츠,바지,,,"{'데님': '데님','진': '데님','청바지': '데님','denim': '데님','jeans': '데님','팬츠': '팬츠','pants': '팬츠','바지': '팬츠','슬랙스': '팬츠'}"
바레나 베네치아,Barena Venezia,BARENAVENEZIA,티셔츠,상의,티셔츠,,
비이커,BEAKER,BEAKER,아우터,아우터,,,"{'자켓': '자켓','블레이저': '자켓','재킷': '자켓','블레이져': '자켓','blazer': '자켓','jacket': '자켓','코트': '코트','coat': '코트','점퍼': '점퍼','jumper': '점퍼','베스트': '베스트','vest': '베스트','트렌치': '코트','버버리': '코트','trench': '코트','패딩': '패딩','다운': '패딩','padding': '패딩','down': '패딩'}"
비이커,BEAKER,BEAKER,상의,상의,,,"{'블라우스': '블라우스','blouse': '블라우스','셔츠': '셔츠','shirt': '셔츠','shirts': '셔츠'}"
비이커,BEAKER,BEAKER,팬츠,바지,,,"{'데님': '데님','진': '데님','청바지': '데님','denim': '데님','jeans': '데님','팬츠': '팬츠','pants': '팬츠','바지': '팬츠','슬랙스': '팬츠'}"
비이커,BEAKER,BEAKER,니트,상의,,,"{'가디건': '가디건', 'cardigan': '가디건', '니트': '니트/스웨터', '스웨터': '니트/스웨터', 'knit': '니트/스웨터', 'sweater': '니트/스웨터'}"
비이커,BEAKER,BEAKER,스커트,스커트,,,
비이커,BEAKER,BEAKER,원피스,원피스/세트,,,
비이커,BEAKER,BEAKER,티셔츠,상의,티셔츠,,
빈폴 레이디스,Beanpole Ladies,BEANPOLEL,아우터,아우터,,,"{'자켓': '자켓','블레이저': '자켓','재킷': '자켓','블레이져': '자켓','blazer': '자켓','jacket': '자켓','코트': '코트','coat': '코트','점퍼': '점퍼','jumper': '점퍼','베스트': '베스트','vest': '베스트','트렌치': '코트','버버리': '코트','trench': '코트','패딩': '패딩','다운': '패딩','padding': '패딩','down': '패딩'}"
빈폴 레이디스,Beanpole Ladies,BEANPOLEL,상의,상의,,,"{'블라우스': '블라우스','blouse': '블라우스','셔츠': '셔츠','shirt': '셔츠','shirts': '셔츠'}"
빈폴 레이디스,Beanpole Ladies,BEANPOLEL,팬츠,바지,,,"{'데님': '데님','진': '데님','청바지': '데님','denim': '데님','jeans': '데님','팬츠': '팬츠','pants': '팬츠','바지': '팬츠','슬랙스': '팬츠'}"
빈폴 레이디스,Beanpole Ladies,BEANPOLEL,니트,상의,,,"{'가디건': '가디건', 'cardigan': '가디건', '니트': '니트/스웨터', '스웨터': '니트/스웨터', 'knit': '니트/스웨터', 'sweater': '니트/스웨터'}"
빈폴 레이디스,Beanpole Ladies,BEANPOLEL,원피스,원피스/세트,,,
빈폴 레이디스,Beanpole Ladies,BEANPOLEL,티셔츠,상의,티셔츠,,
빈폴 레이디스,Beanpole Ladies,BEANPOLEL,스커트,스커트,,,
베르니스,Berenice,BERENICE,자켓,아우터,,,"{'자켓': '자켓','블레이저': '자켓','재킷': '자켓','블레이져': '자켓','blazer': '자켓','jacket': '자켓','코트': '코트','coat': '코트','점퍼': '점퍼','jumper': '점퍼','베스트': '베스트','vest': '베스트','트렌치': '코트','버버리': '코트','trench': '코트','패딩': '패딩','다운': '패딩','padding': '패딩','down': '패딩'}"
베르니스,Berenice,BERENICE,코트,아우터,,,"{'자켓': '자켓','블레이저': '자켓','재킷': '자켓','블레이져': '자켓','blazer': '자켓','jacket': '자켓','코트': '코트','coat': '코트','점퍼': '점퍼','jumper': '점퍼','베스트': '베스트','vest': '베스트','트렌치': '코트','버버리': '코트','trench': '코트','패딩': '패딩','다운': '패딩','padding': '패딩','down': '패딩'}"
베르니스,Berenice,BERENICE,팬츠,바지,,,"{'데님': '데님','진': '데님','청바지': '데님','denim': '데님','jeans': '데님','팬츠': '팬츠','pants': '팬츠','바지': '팬츠','슬랙스': '팬츠'}"
베르니스,Berenice,BERENICE,탑,상의,티셔츠,,
베르니스,Berenice,BERENICE,블라우스,상의,블라우스,,
베르니스,Berenice,BERENICE,셔츠,상의,셔츠,,
베르니스,Berenice,BERENICE,니트,상의,니트/스웨터,,
베르니스,Berenice,BERENICE,가디건,상의,가디건,,
베르니스,Berenice,BERENICE,원피스,원피스/세트,,,
베르니스,Berenice,BERENICE,스커트,스커트,,,
베르니스,Berenice,BERENICE,슈즈,신발,,,
브루넬로 쿠치넬리,Brunello Cucinelli,BRUNELLOCUCINELLI,자켓/베스트,아우터,,,"{'자켓': '자켓','블레이저': '자켓','재킷': '자켓','블레이져': '자켓','blazer': '자켓','jacket': '자켓','코트': '코트','coat': '코트','점퍼': '점퍼','jumper': '점퍼','베스트': '베스트','vest': '베스트','트렌치': '코트','버버리': '코트','trench': '코트','패딩': '패딩','다운': '패딩','padding': '패딩','down': '패딩'}"
브루넬로 쿠치넬리,Brunello Cucinelli,BRUNELLOCUCINELLI,상의,상의,,,"{'블라우스': '블라우스','blouse': '블라우스','셔츠': '셔츠','shirt': '셔츠','shirts': '셔츠'}"
브루넬로 쿠치넬리,Brunello Cucinelli,BRUNELLOCUCINELLI,팬츠,바지,,,"{'데님': '데님','진': '데님','청바지': '데님','denim': '데님','jeans': '데님','팬츠': '팬츠','pants': '팬츠','바지': '팬츠','슬랙스': '팬츠'}"
브루넬로 쿠치넬리,Brunello Cucinelli,BRUNELLOCUCINELLI,니트,상의,,,"{'가디건': '가디건', 'cardigan': '가디건', '니트': '니트/스웨터', '스웨터': '니트/스웨터', 'knit': '니트/스웨터', 'sweater': '니트/스웨터'}"
브루넬로 쿠치넬리,Brunello Cucinelli,BRUNELLOCUCINELLI,원피스/점프수트,원피스/세트,,,
브루넬로 쿠치넬리,Brunello Cucinelli,BRUNELLOCUCINELLI,티셔츠,상의,티셔츠,,
브루넬로 쿠치넬리,Brunello Cucinelli,BRUNELLOCUCINELLI,스커트,스커트,,,
캘빈 클라인,Calvin Klein,CALVINKLEINW,아우터,아우터,,,"{'자켓': '자켓','블레이저': '자켓','재킷': '자켓','블레이져': '자켓','blazer': '자켓','jacket': '자켓','코트': '코트','coat': '코트','점퍼': '점퍼','jumper': '점퍼','베스트': '베스트','vest': '베스트','트렌치': '코트','버버리': '코트','trench': '코트','패딩': '패딩','다운': '패딩','padding': '패딩','down': '패딩'}"
캘빈 클라인,Calvin Klein,CALVINKLEINW,상의,상의,,,"{'블라우스': '블라우스','blouse': '블라우스','셔츠': '셔츠','shirt': '셔츠','shirts': '셔츠'}"
캘빈 클라인,Calvin Klein,CALVINKLEINW,팬츠,바지,,,"{'데님': '데님','진': '데님','청바지': '데님','denim': '데님','jeans': '데님','팬츠': '팬츠','pants': '팬츠','바지': '팬츠','슬랙스': '팬츠'}"
캘빈 클라인,Calvin Klein,CALVINKLEINW,니트/스웨터,상의,,,"{'가디건': '가디건', 'cardigan': '가디건', '니트': '니트/스웨터', '스웨터': '니트/스웨터', 'knit': '니트/스웨터', 'sweater': '니트/스웨터'}"
캘빈 클라인,Calvin Klein,CALVINKLEINW,티셔츠,상의,티셔츠,,
캘빈 클라인,Calvin Klein,CALVINKLEINW,원피스,원피스/세트,,,
캘빈 클라인,Calvin Klein,CALVINKLEINW,스커트,스커트,,,
씨씨콜렉트,CC collect,CCCOLLECT,아우터,아우터,,,"{'자켓': '자켓','블레이저': '자켓','재킷': '자켓','블레이져': '자켓','blazer': '자켓','jacket': '자켓','코트': '코트','coat': '코트','점퍼': '점퍼','jumper': '점퍼','베스트': '베스트','vest': '베스트','트렌치': '코트','버버리': '코트','trench': '코트','패딩': '패딩','다운': '패딩','padding': '패딩','down': '패딩'}"
씨씨콜렉트,CC collect,CCCOLLECT,탑,상의,,,"{'블라우스': '블라우스','blouse': '블라우스','셔츠': '셔츠','shirt': '셔츠','shirts': '셔츠','티셔츠': '티셔츠','가디건': '가디건','cardigan': '가디건','니트': '니트/스웨터','스웨터': '니트/스웨터','knit': '니트/스웨터','sweater': '니트/스웨터'}"
씨씨콜렉트,CC collect,CCCOLLECT,팬츠,바지,,,"{'데님': '데님','진': '데님','청바지': '데님','denim': '데님','jeans': '데님','팬츠': '팬츠','pants': '팬츠','바지': '팬츠','슬랙스': '팬츠'}"
씨씨콜렉트,CC collect,CCCOLLECT,드레스,원피스/세트,,,
씨씨콜렉트,CC collect,CCCOLLECT,스커트,스커트,,,
끌로에,Chloé,CHLOE,코트,아우터,,,"{'자켓': '자켓','블레이저': '자켓','재킷': '자켓','블레이져': '자켓','blazer': '자켓','jacket': '자켓','코트': '코트','coat': '코트','점퍼': '점퍼','jumper': '점퍼','베스트': '베스트','vest': '베스트','트렌치': '코트','버버리': '코트','trench': '코트','패딩': '패딩','다운': '패딩','padding': '패딩','down': '패딩'}"
끌로에,Chloé,CHLOE,점퍼,아우터,,,"{'자켓': '자켓','블레이저': '자켓','재킷': '자켓','블레이져': '자켓','blazer': '자켓','jacket': '자켓','코트': '코트','coat': '코트','점퍼': '점퍼','jumper': '점퍼','베스트': '베스트','vest': '베스트','트렌치': '코트','버버리': '코트','trench': '코트','패딩': '패딩','다운': '패딩','padding': '패딩','down': '패딩'}"
끌로에,Chloé,CHLOE,자켓/베스트,아우터,,,"{'자켓': '자켓','블레이저': '자켓','재킷': '자켓','블레이져': '자켓','blazer': '자켓','jacket': '자켓','코트': '코트','coat': '코트','점퍼': '점퍼','jumper': '점퍼','베스트': '베스트','vest': '베스트','트렌치': '코트','버버리': '코트','trench': '코트','패딩': '패딩','다운': '패딩','padding': '패딩','down': '패딩'}"
끌로에,Chloé,CHLOE,상의,상의,,,"{'블라우스': '블라우스','blouse': '블라우스','셔츠': '셔츠','shirt': '셔츠','shirts': '셔츠'}"
끌로에,Chloé,CHLOE,팬츠,바지,,,"{'데님': '데님','진': '데님','청바지': '데님','denim': '데님','jeans': '데님','팬츠': '팬츠','pants': '팬츠','바지': '팬츠','슬랙스': '팬츠'}"
끌로에,Chloé,CHLOE,니트,상의,,,"{'가디건': '가디건', 'cardigan': '가디건', '니트': '니트/스웨터', '스웨터': '니트/스웨터', 'knit': '니트/스웨터', 'sweater': '니트/스웨터'}"
끌로에,Chloé,CHLOE,원피스/점프수트,원피스/세트,,,
끌로에,Chloé,CHLOE,티셔츠,상의,티셔츠,,
끌로에,Chloé,CHLOE,스커트,스커트,,,
끌로디피에로,CLAUDIEPIERLOT,CLAUDIEPIERLOT,코트,아우터,,,"{'자켓': '자켓','블레이저': '자켓','재킷': '자켓','블레이져': '자켓','blazer': '자켓','jacket': '자켓','코트': '코트','coat': '코트','점퍼': '점퍼','jumper': '점퍼','베스트': '베스트','vest': '베스트','트렌치': '코트','버버리': '코트','trench': '코트','패딩': '패딩','다운': '패딩','padding': '패딩','down': '패딩'}"
끌로디피에로,CLAUDIEPIERLOT,CLAUDIEPIERLOT,팬츠,바지,,,"{'데님': '데님','진': '데님','청바지': '데님','denim': '데님','jeans': '데님','팬츠': '팬츠','pants': '팬츠','바지': '팬츠','슬랙스': '팬츠'}"
끌로디피에로,CLAUDIEPIERLOT,CLAUDIEPIERLOT,탑,상의,티셔츠,,
끌로디피에로,CLAUDIEPIERLOT,CLAUDIEPIERLOT,블라우스,상의,블라우스,,
끌로디피에로,CLAUDIEPIERLOT,CLAUDIEPIERLOT,셔츠,상의,셔츠,,
끌로디피에로,CLAUDIEPIERLOT,CLAUDIEPIERLOT,니트,상의,니트/스웨터,,
끌로디피에로,CLAUDIEPIERLOT,CLAUDIEPIERLOT,가디건,상의,가디건,,
끌로디피에로,CLAUDIEPIERLOT,CLAUDIEPIERLOT,원피스,원피스/세트,,,
끌로디피에로,CLAUDIEPIERLOT,CLAUDIEPIERLOT,자켓,아우터,자켓,,
끌로디피에로,CLAUDIEPIERLOT,CLAUDIEPIERLOT,스커트,스커트,,,
끌로디피에로,CLAUDIEPIERLOT,CLAUDIEPIERLOT,슈즈,신발,,,
클럽모나코,CLUB MONACO,CLUBMONACO,아우터,아우터,,,"{'자켓': '자켓','블레이저': '자켓','재킷': '자켓','블레이져': '자켓','blazer': '자켓','jacket': '자켓','코트': '코트','coat': '코트','점퍼': '점퍼','jumper': '점퍼','베스트': '베스트','vest': '베스트','트렌치': '코트','버버리': '코트','trench': '코트','패딩': '패딩','다운': '패딩','padding': '패딩','down': '패딩'}"
클럽모나코,CLUB MONACO,CLUBMONACO,탑,,,,"{'블라우스': '블라우스','blouse': '블라우스','셔츠': '셔츠','shirt': '셔츠','shirts': '셔츠','티셔츠': '티셔츠','가디건': '가디건','cardigan': '가디건','니트': '니트/스웨터','스웨터': '니트/스웨터','knit': '니트/스웨터','sweater': '니트/스웨터'}"
클럽모나코,CLUB MONACO,CLUBMONACO,팬츠,,,,"{'데님': '데님','진': '데님','청바지': '데님','denim': '데님','jeans': '데님','팬츠': '팬츠','pants': '팬츠','바지': '팬츠','슬랙스': '팬츠'}"
클럽모나코,CLUB MONACO,CLUBMONACO,스커트,,,,
클럽모나코,CLUB MONACO,CLUBMONACO,드레스,,,,
닥스 레이디스,DAKS LADIES,DAKSL,셔츠,,,,"{'블라우스': '블라우스','blouse': '블라우스','셔츠': '셔츠','shirt': '셔츠','shirts': '셔츠'}"
닥스 레이디스,DAKS LADIES,DAKSL,팬츠,,,,"{'데님': '데님','진': '데님','청바지': '데님','denim': '데님','jeans': '데님','팬츠': '팬츠','pants': '팬츠','바지': '팬츠','슬랙스': '팬츠'}"
닥스 레이디스,DAKS LADIES,DAKSL,니트/스웨터,,,,"{'가디건': '가디건', 'cardigan': '가디건', '베스트': '베스트', 'vest': '베스트', '니트': '니트/스웨터', '스웨터': '니트/스웨터', 'knit': '니트/스웨터', 'sweater': '니트/스웨터'}"
닥스 레이디스,DAKS LADIES,DAKSL,언더/라운지웨어,,,,
닥스 레이디스,DAKS LADIES,DAKSL,원피스,,,,
닥스 레이디스,DAKS LADIES,DAKSL,스커트,,,,
닥스 레이디스,DAKS LADIES,DAKSL,티셔츠,상의,티셔츠,,
단톤,Danton,DANTON,팬츠,,,,"{'데님': '데님','진': '데님','청바지': '데님','denim': '데님','jeans': '데님','팬츠': '팬츠','pants': '팬츠','바지': '팬츠','슬랙스': '팬츠'}"
단톤,Danton,DANTON,스커트,,,,
단톤,Danton,DANTON,재킷/베스트,,아우터,,"{'자켓': '자켓','블레이저': '자켓','재킷': '자켓','블레이져': '자켓','blazer': '자켓','jacket': '자켓','코트': '코트','coat': '코트','점퍼': '점퍼','jumper': '점퍼','베스트': '베스트','vest': '베스트','트렌치': '코트','버버리': '코트','trench': '코트','패딩': '패딩','다운': '패딩','padding': '패딩','down': '패딩'}"
델라라나,Della Lana,DELLALANA,자켓/베스트,,아우터,,"{'자켓': '자켓','블레이저': '자켓','재킷': '자켓','블레이져': '자켓','blazer': '자켓','jacket': '자켓','코트': '코트','coat': '코트','점퍼': '점퍼','jumper': '점퍼','베스트': '베스트','vest': '베스트','트렌치': '코트','버버리': '코트','trench': '코트','패딩': '패딩','다운': '패딩','padding': '패딩','down': '패딩'}"
델라라나,Della Lana,DELLALANA,코트,,아우터,,"{'자켓': '자켓','블레이저': '자켓','재킷': '자켓','블레이져': '자켓','blazer': '자켓','jacket': '자켓','코트': '코트','coat': '코트','점퍼': '점퍼','jumper': '점퍼','베스트': '베스트','vest': '베스트','트렌치': '코트','버버리': '코트','trench': '코트','패딩': '패딩','다운': '패딩','padding': '패딩','down': '패딩'}"
델라라나,Della Lana,DELLALANA,점퍼,,아우터,,"{'자켓': '자켓','블레이저': '자켓','재킷': '자켓','블레이져': '자켓','blazer': '자켓','jacket': '자켓','코트': '코트','coat': '코트','점퍼': '점퍼','jumper': '점퍼','베스트': '베스트','vest': '베스트','트렌치': '코트','버버리': '코트','trench': '코트','패딩': '패딩','다운': '패딩','padding': '패딩','down': '패딩'}"
델라라나,Della Lana,DELLALANA,상의,,,,"{'블라우스': '블라우스','blouse': '블라우스','셔츠': '셔츠','shirt': '셔츠','shirts': '셔츠'}"
델라라나,Della Lana,DELLALANA,팬츠,,,,"{'데님': '데님','진': '데님','청바지': '데님','denim': '데님','jeans': '데님','팬츠': '팬츠','pants': '팬츠','바지': '팬츠','슬랙스': '팬츠'}"
델라라나,Della Lana,DELLALANA,니트,,상의,,"{'가디건': '가디건', 'cardigan': '가디건', '니트': '니트/스웨터', '스웨터': '니트/스웨터', 'knit': '니트/스웨터', 'sweater': '니트/스웨터'}"
델라라나,Della Lana,DELLALANA,티셔츠,상의,티셔츠,,
델라라나,Della Lana,DELLALANA,스커트,,,,
델라라나,Della Lana,DELLALANA,원피스/점프수트,,,,
델라라나,Della Lana,DELLALANA,수트,,,,
듀엘,DEWL,DEWL,아우터,,아우터,,"{'자켓': '자켓','블레이저': '자켓','재킷': '자켓','블레이져': '자켓','blazer': '자켓','jacket': '자켓','코트': '코트','coat': '코트','점퍼': '점퍼','jumper': '점퍼','베스트': '베스트','vest': '베스트','트렌치': '코트','버버리': '코트','trench': '코트','패딩': '패딩','다운': '패딩','padding': '패딩','down': '패딩'}"
듀엘,DEWL,DEWL,탑,,,,"{'블라우스': '블라우스','blouse': '블라우스','셔츠': '셔츠','shirt': '셔츠','shirts': '셔츠','티셔츠': '티셔츠','가디건': '가디건','cardigan': '가디건','니트': '니트/스웨터','스웨터': '니트/스웨터','knit': '니트/스웨터','sweater': '니트/스웨터'}"
듀엘,DEWL,DEWL,팬츠,,,,"{'데님': '데님','진': '데님','청바지': '데님','denim': '데님','jeans': '데님','팬츠': '팬츠','pants': '팬츠','바지': '팬츠','슬랙스': '팬츠'}"
듀엘,DEWL,DEWL,드레스,,,,
듀엘,DEWL,DEWL,스커트,,,,
디젤,DIESEL,DIESEL,자켓/베스트,,아우터,,"{'자켓': '자켓','블레이저': '자켓','재킷': '자켓','블레이져': '자켓','blazer': '자켓','jacket': '자켓','코트': '코트','coat': '코트','점퍼': '점퍼','jumper': '점퍼','베스트': '베스트','vest': '베스트','트렌치': '코트','버버리': '코트','trench': '코트','패딩': '패딩','다운': '패딩','padding': '패딩','down': '패딩'}"
디젤,DIESEL,DIESEL,코트,,아우터,,"{'자켓': '자켓','블레이저': '자켓','재킷': '자켓','블레이져': '자켓','blazer': '자켓','jacket': '자켓','코트': '코트','coat': '코트','점퍼': '점퍼','jumper': '점퍼','베스트': '베스트','vest': '베스트','트렌치': '코트','버버리': '코트','trench': '코트','패딩': '패딩','다운': '패딩','padding': '패딩','down': '패딩'}"
디젤,DIESEL,DIESEL,점퍼,,아우터,,"{'자켓': '자켓','블레이저': '자켓','재킷': '자켓','블레이져': '자켓','blazer': '자켓','jacket': '자켓','코트': '코트','coat': '코트','점퍼': '점퍼','jumper': '점퍼','베스트': '베스트','vest': '베스트','트렌치': '코트','버버리': '코트','trench': '코트','패딩': '패딩','다운': '패딩','padding': '패딩','down': '패딩'}"
디젤,DIESEL,DIESEL,상의,,,,"{'블라우스': '블라우스','blouse': '블라우스','셔츠': '셔츠','shirt': '셔츠','shirts': '셔츠'}"
디젤,DIESEL,DIESEL,팬츠,,,,"{'데님': '데님','진': '데님','청바지': '데님','denim': '데님','jeans': '데님','팬츠': '팬츠','pants': '팬츠','바지': '팬츠','슬랙스': '팬츠'}"
디젤,DIESEL,DIESEL,니트,,상의,,"{'가디건': '가디건', 'cardigan': '가디건', '니트': '니트/스웨터', '스웨터': '니트/스웨터', 'knit': '니트/스웨터', 'sweater': '니트/스웨터'}"
디젤,DIESEL,DIESEL,스커트,,,,
디젤,DIESEL,DIESEL,골프/스포츠웨어,,,,
디젤,DIESEL,DIESEL,티셔츠,상의,티셔츠,,
디젤,DIESEL,DIESEL,원피스/점프수트,,,,
디케이앤와이,DKNY,DKNY,아우터,,아우터,,"{'자켓': '자켓','블레이저': '자켓','재킷': '자켓','블레이져': '자켓','blazer': '자켓','jacket': '자켓','코트': '코트','coat': '코트','점퍼': '점퍼','jumper': '점퍼','베스트': '베스트','vest': '베스트','트렌치': '코트','버버리': '코트','trench': '코트','패딩': '패딩','다운': '패딩','padding': '패딩','down': '패딩'}"
디케이앤와이,DKNY,DKNY,상의,,,,"{'블라우스': '블라우스','blouse': '블라우스','셔츠': '셔츠','shirt': '셔츠','shirts': '셔츠'}"
디케이앤와이,DKNY,DKNY,니트/스웨터,,상의,,"{'가디건': '가디건', 'cardigan': '가디건', '니트': '니트/스웨터', '스웨터': '니트/스웨터', 'knit': '니트/스웨터', 'sweater': '니트/스웨터'}"
디케이앤와이,DKNY,DKNY,스커트,,,,
디케이앤와이,DKNY,DKNY,팬츠,,팬츠,,
디케이앤와이,DKNY,DKNY,데님,,바지,,
디케이앤와이,DKNY,DKNY,원피스,,,,
디케이앤와이,DKNY,DKNY,티셔츠,상의,티셔츠,,
디케이앤와이,DKNY,DKNY,스포츠웨어,,,,
드리스반노튼,DRIES VAN NOTEN,DRIESVANNOTEN,코트,,아우터,,"{'자켓': '자켓','블레이저': '자켓','재킷': '자켓','블레이져': '자켓','blazer': '자켓','jacket': '자켓','코트': '코트','coat': '코트','점퍼': '점퍼','jumper': '점퍼','베스트': '베스트','vest': '베스트','트렌치': '코트','버버리': '코트','trench': '코트','패딩': '패딩','다운': '패딩','padding': '패딩','down': '패딩'}"
드리스반노튼,DRIES VAN NOTEN,DRIESVANNOTEN,자켓/베스트,,아우터,,"{'자켓': '자켓','블레이저': '자켓','재킷': '자켓','블레이져': '자켓','blazer': '자켓','jacket': '자켓','코트': '코트','coat': '코트','점퍼': '점퍼','jumper': '점퍼','베스트': '베스트','vest': '베스트','트렌치': '코트','버버리': '코트','trench': '코트','패딩': '패딩','다운': '패딩','padding': '패딩','down': '패딩'}"
드리스반노튼,DRIES VAN NOTEN,DRIESVANNOTEN,상의,,,,"{'블라우스': '블라우스','blouse': '블라우스','셔츠': '셔츠','shirt': '셔츠','shirts': '셔츠'}"
드리스반노튼,DRIES VAN NOTEN,DRIESVANNOTEN,팬츠,,,,"{'데님': '데님','진': '데님','청바지': '데님','denim': '데님','jeans': '데님','팬츠': '팬츠','pants': '팬츠','바지': '팬츠','슬랙스': '팬츠'}"
드리스반노튼,DRIES VAN NOTEN,DRIESVANNOTEN,니트,,상의,,"{'가디건': '가디건', 'cardigan': '가디건', '니트': '니트/스웨터', '스웨터': '니트/스웨터', 'knit': '니트/스웨터', 'sweater': '니트/스웨터'}"
드리스반노튼,DRIES VAN NOTEN,DRIESVANNOTEN,원피스/점프수트,,,,
드리스반노튼,DRIES VAN NOTEN,DRIESVANNOTEN,티셔츠,상의,티셔츠,,
드리스반노튼,DRIES VAN NOTEN,DRIESVANNOTEN,스커트,,,,
디스퀘어드2,DSQUARED2,DSQUARED2,코트,,아우터,,"{'자켓': '자켓','블레이저': '자켓','재킷': '자켓','블레이져': '자켓','blazer': '자켓','jacket': '자켓','코트': '코트','coat': '코트','점퍼': '점퍼','jumper': '점퍼','베스트': '베스트','vest': '베스트','트렌치': '코트','버버리': '코트','trench': '코트','패딩': '패딩','다운': '패딩','padding': '패딩','down': '패딩'}"
디스퀘어드2,DSQUARED2,DSQUARED2,점퍼,,아우터,,"{'자켓': '자켓','블레이저': '자켓','재킷': '자켓','블레이져': '자켓','blazer': '자켓','jacket': '자켓','코트': '코트','coat': '코트','점퍼': '점퍼','jumper': '점퍼','베스트': '베스트','vest': '베스트','트렌치': '코트','버버리': '코트','trench': '코트','패딩': '패딩','다운': '패딩','padding': '패딩','down': '패딩'}"
디스퀘어드2,DSQUARED2,DSQUARED2,자켓/베스트,,아우터,,"{'자켓': '자켓','블레이저': '자켓','재킷': '자켓','블레이져': '자켓','blazer': '자켓','jacket': '자켓','코트': '코트','coat': '코트','점퍼': '점퍼','jumper': '점퍼','베스트': '베스트','vest': '베스트','트렌치': '코트','버버리': '코트','trench': '코트','패딩': '패딩','다운': '패딩','padding': '패딩','down': '패딩'}"
디스퀘어드2,DSQUARED2,DSQUARED2,상의,,,,"{'블라우스': '블라우스','blouse': '블라우스','셔츠': '셔츠','shirt': '셔츠','shirts': '셔츠'}"
디스퀘어드2,DSQUARED2,DSQUARED2,팬츠,,,,"{'데님': '데님','진': '데님','청바지': '데님','denim': '데님','jeans': '데님','팬츠': '팬츠','pants': '팬츠','바지': '팬츠','슬랙스': '팬츠'}"
디스퀘어드2,DSQUARED2,DSQUARED2,니트,,상의,,"{'가디건': '가디건', 'cardigan': '가디건', '니트': '니트/스웨터', '스웨터': '니트/스웨터', 'knit': '니트/스웨터', 'sweater': '니트/스웨터'}"
디스퀘어드2,DSQUARED2,DSQUARED2,원피스/점프수트,,,,
디스퀘어드2,DSQUARED2,DSQUARED2,티셔츠,상의,티셔츠,,
디스퀘어드2,DSQUARED2,DSQUARED2,스커트,,,,
일레븐티,eleventy,ELEVENTY,팬츠,,,,"{'데님': '데님','진': '데님','청바지': '데님','denim': '데님','jeans': '데님','팬츠': '팬츠','pants': '팬츠','바지': '팬츠','슬랙스': '팬츠'}"
일레븐티,eleventy,ELEVENTY,블라우스,상의,블라우스,,
일레븐티,eleventy,ELEVENTY,니트,상의,니트/스웨터,,
일레븐티,eleventy,ELEVENTY,가디건,상의,가디건,,
일레븐티,eleventy,ELEVENTY,원피스,,,,
일레븐티,eleventy,ELEVENTY,자켓,,자켓,,
일레븐티,eleventy,ELEVENTY,코트,,코트,,
일레븐티,eleventy,ELEVENTY,스커트,,,,
엠포리오 아르마니,EMPORIO ARMANI,EMPORIOARMANI,코트,,아우터,,"{'자켓': '자켓','블레이저': '자켓','재킷': '자켓','블레이져': '자켓','blazer': '자켓','jacket': '자켓','코트': '코트','coat': '코트','점퍼': '점퍼','jumper': '점퍼','베스트': '베스트','vest': '베스트','트렌치': '코트','버버리': '코트','trench': '코트','패딩': '패딩','다운': '패딩','padding': '패딩','down': '패딩'}"
엠포리오 아르마니,EMPORIO ARMANI,EMPORIOARMANI,점퍼,,아우터,,"{'자켓': '자켓','블레이저': '자켓','재킷': '자켓','블레이져': '자켓','blazer': '자켓','jacket': '자켓','코트': '코트','coat': '코트','점퍼': '점퍼','jumper': '점퍼','베스트': '베스트','vest': '베스트','트렌치': '코트','버버리': '코트','trench': '코트','패딩': '패딩','다운': '패딩','padding': '패딩','down': '패딩'}"
엠포리오 아르마니,EMPORIO ARMANI,EMPORIOARMANI,자켓/베스트,,아우터,,"{'자켓': '자켓','블레이저': '자켓','재킷': '자켓','블레이져': '자켓','blazer': '자켓','jacket': '자켓','코트': '코트','coat': '코트','점퍼': '점퍼','jumper': '점퍼','베스트': '베스트','vest': '베스트','트렌치': '코트','버버리': '코트','trench': '코트','패딩': '패딩','다운': '패딩','padding': '패딩','down': '패딩'}"
엠포리오 아르마니,EMPORIO ARMANI,EMPORIOARMANI,상의,,,,"{'블라우스': '블라우스','blouse': '블라우스','셔츠': '셔츠','shirt': '셔츠','shirts': '셔츠'}"
엠포리오 아르마니,EMPORIO ARMANI,EMPORIOARMANI,팬츠,,,,"{'데님': '데님','진': '데님','청바지': '데님','denim': '데님','jeans': '데님','팬츠': '팬츠','pants': '팬츠','바지': '팬츠','슬랙스': '팬츠'}"
엠포리오 아르마니,EMPORIO ARMANI,EMPORIOARMANI,니트,,상의,,"{'가디건': '가디건', 'cardigan': '가디건', '니트': '니트/스웨터', '스웨터': '니트/스웨터', 'knit': '니트/스웨터', 'sweater': '니트/스웨터'}"
엠포리오 아르마니,EMPORIO ARMANI,EMPORIOARMANI,원피스/점프수트,,,,
엠포리오 아르마니,EMPORIO ARMANI,EMPORIOARMANI,스커트,,,,
엠포리오 아르마니,EMPORIO ARMANI,EMPORIOARMANI,티셔츠,,티셔츠,,
에피그램,epigram,EPIGRAM,점퍼,,아우터,,"{'자켓': '자켓','블레이저': '자켓','재킷': '자켓','블레이져': '자켓','blazer': '자켓','jacket': '자켓','코트': '코트','coat': '코트','점퍼': '점퍼','jumper': '점퍼','베스트': '베스트','vest': '베스트','트렌치': '코트','버버리': '코트','trench': '코트','패딩': '패딩','다운': '패딩','padding': '패딩','down': '패딩'}"
에피그램,epigram,EPIGRAM,코트,,아우터,,"{'자켓': '자켓','블레이저': '자켓','재킷': '자켓','블레이져': '자켓','blazer': '자켓','jacket': '자켓','코트': '코트','coat': '코트','점퍼': '점퍼','jumper': '점퍼','베스트': '베스트','vest': '베스트','트렌치': '코트','버버리': '코트','trench': '코트','패딩': '패딩','다운': '패딩','padding': '패딩','down': '패딩'}"
에피그램,epigram,EPIGRAM,자켓,,아우터,,"{'자켓': '자켓','블레이저': '자켓','재킷': '자켓','블레이져': '자켓','blazer': '자켓','jacket': '자켓','코트': '코트','coat': '코트','점퍼': '점퍼','jumper': '점퍼','베스트': '베스트','vest': '베스트','트렌치': '코트','버버리': '코트','trench': '코트','패딩': '패딩','다운': '패딩','padding': '패딩','down': '패딩'}"
에피그램,epigram,EPIGRAM,스커트/팬츠,,,,"{'스커트': '스커트','skirt': '스커트','데님': '데님','진': '데님','청바지': '데님','denim': '데님','jeans': '데님','팬츠': '팬츠','pants': '팬츠','바지': '팬츠','슬랙스': '팬츠'}"
에피그램,epigram,EPIGRAM,블라우스/셔츠,,,,"{'블라우스': '블라우스','blouse': '블라우스','셔츠': '셔츠','shirt': '셔츠','shirts': '셔츠'}"
에피그램,epigram,EPIGRAM,니트/가디건,,상의,,"{'가디건': '가디건', 'cardigan': '가디건', '니트': '니트/스웨터', '스웨터': '니트/스웨터', 'knit': '니트/스웨터', 'sweater': '니트/스웨터'}"
에피그램,epigram,EPIGRAM,티셔츠,,티셔츠,,
에피그램,epigram,EPIGRAM,원피스,,,,
지컷,g-cut,GCUT,코트,,아우터,,"{'자켓': '자켓','블레이저': '자켓','재킷': '자켓','블레이져': '자켓','blazer': '자켓','jacket': '자켓','코트': '코트','coat': '코트','점퍼': '점퍼','jumper': '점퍼','베스트': '베스트','vest': '베스트','트렌치': '코트','버버리': '코트','trench': '코트','패딩': '패딩','다운': '패딩','padding': '패딩','down': '패딩'}"
지컷,g-cut,GCUT,점퍼,,아우터,,"{'자켓': '자켓','블레이저': '자켓','재킷': '자켓','블레이져': '자켓','blazer': '자켓','jacket': '자켓','코트': '코트','coat': '코트','점퍼': '점퍼','jumper': '점퍼','베스트': '베스트','vest': '베스트','트렌치': '코트','버버리': '코트','trench': '코트','패딩': '패딩','다운': '패딩','padding': '패딩','down': '패딩'}"
지컷,g-cut,GCUT,자켓/베스트,,아우터,,"{'자켓': '자켓','블레이저': '자켓','재킷': '자켓','블레이져': '자켓','blazer': '자켓','jacket': '자켓','코트': '코트','coat': '코트','점퍼': '점퍼','jumper': '점퍼','베스트': '베스트','vest': '베스트','트렌치': '코트','버버리': '코트','trench': '코트','패딩': '패딩','다운': '패딩','padding': '패딩','down': '패딩'}"
지컷,g-cut,GCUT,상의,,,,"{'블라우스': '블라우스','blouse': '블라우스','셔츠': '셔츠','shirt': '셔츠','shirts': '셔츠'}"
지컷,g-cut,GCUT,팬츠,,,,"{'데님': '데님','진': '데님','청바지': '데님','denim': '데님','jeans': '데님','팬츠': '팬츠','pants': '팬츠','바지': '팬츠','슬랙스': '팬츠'}"
지컷,g-cut,GCUT,니트,,상의,,"{'가디건': '가디건', 'cardigan': '가디건', '니트': '니트/스웨터', '스웨터': '니트/스웨터', 'knit': '니트/스웨터', 'sweater': '니트/스웨터'}"
지컷,g-cut,GCUT,원피스/점프수트,,,,
지컷,g-cut,GCUT,티셔츠,,티셔츠,,
지컷,g-cut,GCUT,스커트,,,,
갭,GAP,GAP,자켓/베스트,,아우터,,"{'자켓': '자켓','블레이저': '자켓','재킷': '자켓','블레이져': '자켓','blazer': '자켓','jacket': '자켓','코트': '코트','coat': '코트','점퍼': '점퍼','jumper': '점퍼','베스트': '베스트','vest': '베스트','트렌치': '코트','버버리': '코트','trench': '코트','패딩': '패딩','다운': '패딩','padding': '패딩','down': '패딩'}"
갭,GAP,GAP,코트,,아우터,,"{'자켓': '자켓','블레이저': '자켓','재킷': '자켓','블레이져': '자켓','blazer': '자켓','jacket': '자켓','코트': '코트','coat': '코트','점퍼': '점퍼','jumper': '점퍼','베스트': '베스트','vest': '베스트','트렌치': '코트','버버리': '코트','trench': '코트','패딩': '패딩','다운': '패딩','padding': '패딩','down': '패딩'}"
갭,GAP,GAP,점퍼,,아우터,,"{'자켓': '자켓','블레이저': '자켓','재킷': '자켓','블레이져': '자켓','blazer': '자켓','jacket': '자켓','코트': '코트','coat': '코트','점퍼': '점퍼','jumper': '점퍼','베스트': '베스트','vest': '베스트','트렌치': '코트','버버리': '코트','trench': '코트','패딩': '패딩','다운': '패딩','padding': '패딩','down': '패딩'}"
갭,GAP,GAP,상의,,,,"{'블라우스': '블라우스','blouse': '블라우스','셔츠': '셔츠','shirt': '셔츠','shirts': '셔츠'}"
갭,GAP,GAP,팬츠,,,,"{'데님': '데님','진': '데님','청바지': '데님','denim': '데님','jeans': '데님','팬츠': '팬츠','pants': '팬츠','바지': '팬츠','슬랙스': '팬츠'}"
갭,GAP,GAP,니트,,상의,,"{'가디건': '가디건', 'cardigan': '가디건', '니트': '니트/스웨터', '스웨터': '니트/스웨터', 'knit': '니트/스웨터', 'sweater': '니트/스웨터'}"
갭,GAP,GAP,티셔츠,,티셔츠,,
갭,GAP,GAP,스커트,,,,
갭,GAP,GAP,원피스/점프수트,,,,
갭,GAP,GAP,라운지/언더웨어,,,,
조르지오 아르마니,GIORGIO ARMANI,GIORGIOARMANI,코트,,아우터,,"{'자켓': '자켓','블레이저': '자켓','재킷': '자켓','블레이져': '자켓','blazer': '자켓','jacket': '자켓','코트': '코트','coat': '코트','점퍼': '점퍼','jumper': '점퍼','베스트': '베스트','vest': '베스트','트렌치': '코트','버버리': '코트','trench': '코트','패딩': '패딩','다운': '패딩','padding': '패딩','down': '패딩'}"
조르지오 아르마니,GIORGIO ARMANI,GIORGIOARMANI,자켓/베스트,,아우터,,"{'자켓': '자켓','블레이저': '자켓','재킷': '자켓','블레이져': '자켓','blazer': '자켓','jacket': '자켓','코트': '코트','coat': '코트','점퍼': '점퍼','jumper': '점퍼','베스트': '베스트','vest': '베스트','트렌치': '코트','버버리': '코트','trench': '코트','패딩': '패딩','다운': '패딩','padding': '패딩','down': '패딩'}"
조르지오 아르마니,GIORGIO ARMANI,GIORGIOARMANI,상의,,,,"{'블라우스': '블라우스','blouse': '블라우스','셔츠': '셔츠','shirt': '셔츠','shirts': '셔츠'}"
조르지오 아르마니,GIORGIO ARMANI,GIORGIOARMANI,팬츠,,,,"{'데님': '데님','진': '데님','청바지': '데님','denim': '데님','jeans': '데님','팬츠': '팬츠','pants': '팬츠','바지': '팬츠','슬랙스': '팬츠'}"
조르지오 아르마니,GIORGIO ARMANI,GIORGIOARMANI,니트,,상의,,"{'가디건': '가디건', 'cardigan': '가디건', '니트': '니트/스웨터', '스웨터': '니트/스웨터', 'knit': '니트/스웨터', 'sweater': '니트/스웨터'}"
조르지오 아르마니,GIORGIO ARMANI,GIORGIOARMANI,원피스/점프수트,,,,
조르지오 아르마니,GIORGIO ARMANI,GIORGIOARMANI,티셔츠,,티셔츠,,
조르지오 아르마니,GIORGIO ARMANI,GIORGIOARMANI,스커트,,,,
헤지스 레이디스,HAZZYS LADIES,HAZZYSL,셔츠,,,,"{'블라우스': '블라우스','blouse': '블라우스','셔츠': '셔츠','shirt': '셔츠','shirts': '셔츠'}"
헤지스 레이디스,HAZZYS LADIES,HAZZYSL,팬츠,,,,"{'데님': '데님','진': '데님','청바지': '데님','denim': '데님','jeans': '데님','팬츠': '팬츠','pants': '팬츠','바지': '팬츠','슬랙스': '팬츠'}"
헤지스 레이디스,HAZZYS LADIES,HAZZYSL,니트/스웨터,,상의,,"{'가디건': '가디건', 'cardigan': '가디건', '니트': '니트/스웨터', '스웨터': '니트/스웨터', 'knit': '니트/스웨터', 'sweater': '니트/스웨터'}"
헤지스 레이디스,HAZZYS LADIES,HAZZYSL,티셔츠,,티셔츠,,
헤지스 레이디스,HAZZYS LADIES,HAZZYSL,원피스,,,,
헤지스 레이디스,HAZZYS LADIES,HAZZYSL,스커트,,,,
헤지스 레이디스,HAZZYS LADIES,HAZZYSL,언더/라운지웨어,,,,
에르노,HERNO,HERNO,점퍼,,아우터,,"{'자켓': '자켓','블레이저': '자켓','재킷': '자켓','블레이져': '자켓','blazer': '자켓','jacket': '자켓','코트': '코트','coat': '코트','점퍼': '점퍼','jumper': '점퍼','베스트': '베스트','vest': '베스트','트렌치': '코트','버버리': '코트','trench': '코트','패딩': '패딩','다운': '패딩','padding': '패딩','down': '패딩'}"
에르노,HERNO,HERNO,자켓/베스트,,아우터,,"{'자켓': '자켓','블레이저': '자켓','재킷': '자켓','블레이져': '자켓','blazer': '자켓','jacket': '자켓','코트': '코트','coat': '코트','점퍼': '점퍼','jumper': '점퍼','베스트': '베스트','vest': '베스트','트렌치': '코트','버버리': '코트','trench': '코트','패딩': '패딩','다운': '패딩','padding': '패딩','down': '패딩'}"
에르노,HERNO,HERNO,코트,,,,
일라일,ILAIL,ILAIL,자켓/베스트,,아우터,,"{'자켓': '자켓','블레이저': '자켓','재킷': '자켓','블레이져': '자켓','blazer': '자켓','jacket': '자켓','코트': '코트','coat': '코트','점퍼': '점퍼','jumper': '점퍼','베스트': '베스트','vest': '베스트','트렌치': '코트','버버리': '코트','trench': '코트','패딩': '패딩','다운': '패딩','padding': '패딩','down': '패딩'}"
일라일,ILAIL,ILAIL,점퍼,,아우터,,"{'자켓': '자켓','블레이저': '자켓','재킷': '자켓','블레이져': '자켓','blazer': '자켓','jacket': '자켓','코트': '코트','coat': '코트','점퍼': '점퍼','jumper': '점퍼','베스트': '베스트','vest': '베스트','트렌치': '코트','버버리': '코트','trench': '코트','패딩': '패딩','다운': '패딩','padding': '패딩','down': '패딩'}"
일라일,ILAIL,ILAIL,코트,,아우터,,"{'자켓': '자켓','블레이저': '자켓','재킷': '자켓','블레이져': '자켓','blazer': '자켓','jacket': '자켓','코트': '코트','coat': '코트','점퍼': '점퍼','jumper': '점퍼','베스트': '베스트','vest': '베스트','트렌치': '코트','버버리': '코트','trench': '코트','패딩': '패딩','다운': '패딩','padding': '패딩','down': '패딩'}"
일라일,ILAIL,ILAIL,상의,,,,"{'블라우스': '블라우스','blouse': '블라우스','셔츠': '셔츠','shirt': '셔츠','shirts': '셔츠'}"
일라일,ILAIL,ILAIL,팬츠,,,,"{'데님': '데님','진': '데님','청바지': '데님','denim': '데님','jeans': '데님','팬츠': '팬츠','pants': '팬츠','바지': '팬츠','슬랙스': '팬츠'}"
일라일,ILAIL,ILAIL,니트,,상의,,"{'가디건': '가디건', 'cardigan': '가디건', '니트': '니트/스웨터', '스웨터': '니트/스웨터', 'knit': '니트/스웨터', 'sweater': '니트/스웨터'}"
일라일,ILAIL,ILAIL,티셔츠,,티셔츠,,
일라일,ILAIL,ILAIL,스커트,,,,
일라일,ILAIL,ILAIL,수트,,,,
일라일,ILAIL,ILAIL,원피스/점프수트,,,,
이로,IRO,IRO,점퍼,,아우터,,"{'자켓': '자켓','블레이저': '자켓','재킷': '자켓','블레이져': '자켓','blazer': '자켓','jacket': '자켓','코트': '코트','coat': '코트','점퍼': '점퍼','jumper': '점퍼','베스트': '베스트','vest': '베스트','트렌치': '코트','버버리': '코트','trench': '코트','패딩': '패딩','다운': '패딩','padding': '패딩','down': '패딩'}"
이로,IRO,IRO,스커트/팬츠,,,,"{'스커트': '스커트','skirt': '스커트','데님': '데님','진': '데님','청바지': '데님','denim': '데님','jeans': '데님','팬츠': '팬츠','pants': '팬츠','바지': '팬츠','슬랙스': '팬츠'}"
이로,IRO,IRO,블라우스/셔츠,,,,"{'블라우스': '블라우스','blouse': '블라우스','셔츠': '셔츠','shirt': '셔츠','shirts': '셔츠'}"
이로,IRO,IRO,니트/가디건,,상의,,"{'가디건': '가디건', 'cardigan': '가디건', '니트': '니트/스웨터', '스웨터': '니트/스웨터', 'knit': '니트/스웨터', 'sweater': '니트/스웨터'}"
이로,IRO,IRO,티셔츠,,티셔츠,,
이로,IRO,IRO,원피스,,,,
이로,IRO,IRO,코트,,코트,,
이로,IRO,IRO,자켓,,자켓,,
이자벨 마랑,ISABEL MARANT,ISABELMARANT,셔츠,,,,"{'블라우스': '블라우스','blouse': '블라우스','셔츠': '셔츠','shirt': '셔츠','shirts': '셔츠'}"
이자벨 마랑,ISABEL MARANT,ISABELMARANT,팬츠,,,,"{'데님': '데님','진': '데님','청바지': '데님','denim': '데님','jeans': '데님','팬츠': '팬츠','pants': '팬츠','바지': '팬츠','슬랙스': '팬츠'}"
이자벨 마랑,ISABEL MARANT,ISABELMARANT,니트/스웨터,,상의,,"{'가디건': '가디건', 'cardigan': '가디건', '니트': '니트/스웨터', '스웨터': '니트/스웨터', 'knit': '니트/스웨터', 'sweater': '니트/스웨터'}"
이자벨 마랑,ISABEL MARANT,ISABELMARANT,티셔츠,,티셔츠,,
이자벨 마랑,ISABEL MARANT,ISABELMARANT,원피스,,,,
이자벨 마랑,ISABEL MARANT,ISABELMARANT,스커트,,,,
아이잗 바바,IZZAT BABA,IZZATBABA,아우터,,아우터,,"{'자켓': '자켓','블레이저': '자켓','재킷': '자켓','블레이져': '자켓','blazer': '자켓','jacket': '자켓','코트': '코트','coat': '코트','점퍼': '점퍼','jumper': '점퍼','베스트': '베스트','vest': '베스트','트렌치': '코트','버버리': '코트','trench': '코트','패딩': '패딩','다운': '패딩','padding': '패딩','down': '패딩'}"
아이잗 바바,IZZAT BABA,IZZATBABA,하의,,,,"{'스커트': '스커트','skirt': '스커트','데님': '데님','진': '데님','청바지': '데님','denim': '데님','jeans': '데님','팬츠': '팬츠','pants': '팬츠','바지': '팬츠','슬랙스': '팬츠'}"
아이잗 바바,IZZAT BABA,IZZATBABA,상의,,,,"{'블라우스': '블라우스','blouse': '블라우스','셔츠': '셔츠','shirt': '셔츠','shirts': '셔츠','티셔츠': '티셔츠','가디건': '가디건','cardigan': '가디건','니트': '니트/스웨터','스웨터': '니트/스웨터','knit': '니트/스웨터','sweater': '니트/스웨터'}"
아이잗 바바,IZZAT BABA,IZZATBABA,원피스,,,,
아이잗 바바,IZZAT BABA,IZZATBABA,잡화,,,,
지고트,JIGOTT,JIGOTT,아우터,,아우터,,"{'자켓': '자켓','블레이저': '자켓','재킷': '자켓','블레이져': '자켓','blazer': '자켓','jacket': '자켓','코트': '코트','coat': '코트','점퍼': '점퍼','jumper': '점퍼','베스트': '베스트','vest': '베스트','트렌치': '코트','버버리': '코트','trench': '코트','패딩': '패딩','다운': '패딩','padding': '패딩','down': '패딩'}"
지고트,JIGOTT,JIGOTT,하의,,,,"{'스커트': '스커트','skirt': '스커트','데님': '데님','진': '데님','청바지': '데님','denim': '데님','jeans': '데님','팬츠': '팬츠','pants': '팬츠','바지': '팬츠','슬랙스': '팬츠'}"
지고트,JIGOTT,JIGOTT,상의,,,,"{'블라우스': '블라우스','blouse': '블라우스','셔츠': '셔츠','shirt': '셔츠','shirts': '셔츠','티셔츠': '티셔츠','가디건': '가디건','cardigan': '가디건','니트': '니트/스웨터','스웨터': '니트/스웨터','knit': '니트/스웨터','sweater': '니트/스웨터'}"
지고트,JIGOTT,JIGOTT,원피스,,,,
지고트,JIGOTT,JIGOTT,잡화,,,,
지고트,JIGOTT,JIGOTT,주얼리,,,,
질스튜어트 뉴욕,JILLSTUART NEW YORK,JILLSTUARTNY,셔츠,,,,"{'블라우스': '블라우스','blouse': '블라우스','셔츠': '셔츠','shirt': '셔츠','shirts': '셔츠'}"
질스튜어트 뉴욕,JILLSTUART NEW YORK,JILLSTUARTNY,팬츠,,,,"{'데님': '데님','진': '데님','청바지': '데님','denim': '데님','jeans': '데님','팬츠': '팬츠','pants': '팬츠','바지': '팬츠','슬랙스': '팬츠'}"
질스튜어트 뉴욕,JILLSTUART NEW YORK,JILLSTUARTNY,니트/스웨터,,상의,,"{'가디건': '가디건', 'cardigan': '가디건', '니트': '니트/스웨터', '스웨터': '니트/스웨터', 'knit': '니트/스웨터', 'sweater': '니트/스웨터'}"
질스튜어트 뉴욕,JILLSTUART NEW YORK,JILLSTUARTNY,원피스,,,,
질스튜어트 뉴욕,JILLSTUART NEW YORK,JILLSTUARTNY,스커트,,,,
질스튜어트 뉴욕,JILLSTUART NEW YORK,JILLSTUARTNY,언더/라운지웨어,,,,
질스튜어트 뉴욕,JILLSTUART NEW YORK,JILLSTUARTNY,여성비치웨어,,,,
질스튜어트 뉴욕,JILLSTUART NEW YORK,JILLSTUARTNY,티셔츠,,티셔츠,,
조셉,JOSEPH,JOSEPH,셔츠,,,,"{'블라우스': '블라우스','blouse': '블라우스','셔츠': '셔츠','shirt': '셔츠','shirts': '셔츠'}"
조셉,JOSEPH,JOSEPH,팬츠,,,,"{'데님': '데님','진': '데님','청바지': '데님','denim': '데님','jeans': '데님','팬츠': '팬츠','pants': '팬츠','바지': '팬츠','슬랙스': '팬츠'}"
조셉,JOSEPH,JOSEPH,니트/스웨터,,상의,,"{'가디건': '가디건', 'cardigan': '가디건', '니트': '니트/스웨터', '스웨터': '니트/스웨터', 'knit': '니트/스웨터', 'sweater': '니트/스웨터'}"
조셉,JOSEPH,JOSEPH,스커트,,,,
조셉,JOSEPH,JOSEPH,원피스,,,,
조셉,JOSEPH,JOSEPH,티셔츠,,티셔츠,,
제이에스엔와이,JSNY,JSNY,셔츠,,,,"{'블라우스': '블라우스','blouse': '블라우스','셔츠': '셔츠','shirt': '셔츠','shirts': '셔츠'}"
제이에스엔와이,JSNY,JSNY,팬츠,,,,"{'데님': '데님','진': '데님','청바지': '데님','denim': '데님','jeans': '데님','팬츠': '팬츠','pants': '팬츠','바지': '팬츠','슬랙스': '팬츠'}"
제이에스엔와이,JSNY,JSNY,니트/스웨터,,상의,,"{'가디건': '가디건', 'cardigan': '가디건', '니트': '니트/스웨터', '스웨터': '니트/스웨터', 'knit': '니트/스웨터', 'sweater': '니트/스웨터'}"
제이에스엔와이,JSNY,JSNY,원피스,,,,
제이에스엔와이,JSNY,JSNY,스커트,,,,
쥬시꾸뛰르,Juicy Couture,JUICYCOUTURE,코트,,아우터,,"{'자켓': '자켓','블레이저': '자켓','재킷': '자켓','블레이져': '자켓','blazer': '자켓','jacket': '자켓','코트': '코트','coat': '코트','점퍼': '점퍼','jumper': '점퍼','베스트': '베스트','vest': '베스트','트렌치': '코트','버버리': '코트','trench': '코트','패딩': '패딩','다운': '패딩','padding': '패딩','down': '패딩'}"
쥬시꾸뛰르,Juicy Couture,JUICYCOUTURE,점퍼,,아우터,,"{'자켓': '자켓','블레이저': '자켓','재킷': '자켓','블레이져': '자켓','blazer': '자켓','jacket': '자켓','코트': '코트','coat': '코트','점퍼': '점퍼','jumper': '점퍼','베스트': '베스트','vest': '베스트','트렌치': '코트','버버리': '코트','trench': '코트','패딩': '패딩','다운': '패딩','padding': '패딩','down': '패딩'}"
쥬시꾸뛰르,Juicy Couture,JUICYCOUTURE,자켓/베스트,,아우터,,"{'자켓': '자켓','블레이저': '자켓','재킷': '자켓','블레이져': '자켓','blazer': '자켓','jacket': '자켓','코트': '코트','coat': '코트','점퍼': '점퍼','jumper': '점퍼','베스트': '베스트','vest': '베스트','트렌치': '코트','버버리': '코트','trench': '코트','패딩': '패딩','다운': '패딩','padding': '패딩','down': '패딩'}"
쥬시꾸뛰르,Juicy Couture,JUICYCOUTURE,상의,,,,"{'블라우스': '블라우스','blouse': '블라우스','셔츠': '셔츠','shirt': '셔츠','shirts': '셔츠'}"
쥬시꾸뛰르,Juicy Couture,JUICYCOUTURE,팬츠,,,,"{'데님': '데님','진': '데님','청바지': '데님','denim': '데님','jeans': '데님','팬츠': '팬츠','pants': '팬츠','바지': '팬츠','슬랙스': '팬츠'}"
쥬시꾸뛰르,Juicy Couture,JUICYCOUTURE,니트,,상의,,"{'가디건': '가디건', 'cardigan': '가디건', '니트': '니트/스웨터', '스웨터': '니트/스웨터', 'knit': '니트/스웨터', 'sweater': '니트/스웨터'}"
쥬시꾸뛰르,Juicy Couture,JUICYCOUTURE,원피스/점프수트,,,,
쥬시꾸뛰르,Juicy Couture,JUICYCOUTURE,스커트,,,,
쥬시꾸뛰르,Juicy Couture,JUICYCOUTURE,골프/스포츠웨어,,,,
쥬시꾸뛰르,Juicy Couture,JUICYCOUTURE,티셔츠,,티셔츠,,
구호,KUHO,KUHO,재킷/베스트,,아우터,,"{'자켓': '자켓','블레이저': '자켓','재킷': '자켓','블레이져': '자켓','blazer': '자켓','jacket': '자켓','코트': '코트','coat': '코트','점퍼': '점퍼','jumper': '점퍼','베스트': '베스트','vest': '베스트','트렌치': '코트','버버리': '코트','trench': '코트','패딩': '패딩','다운': '패딩','padding': '패딩','down': '패딩'}"
구호,KUHO,KUHO,아우터,,아우터,,"{'자켓': '자켓','블레이저': '자켓','재킷': '자켓','블레이져': '자켓','blazer': '자켓','jacket': '자켓','코트': '코트','coat': '코트','점퍼': '점퍼','jumper': '점퍼','베스트': '베스트','vest': '베스트','트렌치': '코트','버버리': '코트','trench': '코트','패딩': '패딩','다운': '패딩','padding': '패딩','down': '패딩'}"
구호,KUHO,KUHO,상의,,,,"{'블라우스': '블라우스','blouse': '블라우스','셔츠': '셔츠','shirt': '셔츠','shirts': '셔츠'}"
구호,KUHO,KUHO,팬츠,,,,"{'데님': '데님','진': '데님','청바지': '데님','denim': '데님','jeans': '데님','팬츠': '팬츠','pants': '팬츠','바지': '팬츠','슬랙스': '팬츠'}"
구호,KUHO,KUHO,니트,,상의,,"{'가디건': '가디건', 'cardigan': '가디건', '니트': '니트/스웨터', '스웨터': '니트/스웨터', 'knit': '니트/스웨터', 'sweater': '니트/스웨터'}"
구호,KUHO,KUHO,스커트,,,,
구호,KUHO,KUHO,원피스,,,,
구호,KUHO,KUHO,티셔츠,,티셔츠,,
라코스테,LACOSTE,LACOSTE,자켓&코트,,아우터,,"{'자켓': '자켓','블레이저': '자켓','재킷': '자켓','블레이져': '자켓','blazer': '자켓','jacket': '자켓','코트': '코트','coat': '코트','점퍼': '점퍼','jumper': '점퍼','베스트': '베스트','vest': '베스트','트렌치': '코트','버버리': '코트','trench': '코트','패딩': '패딩','다운': '패딩','padding': '패딩','down': '패딩'}"
라코스테,LACOSTE,LACOSTE,드레스&스커트,,,,"{'드레스': '원피스/세트','dress': '원피스/세트','스커트': '스커트','skirt': '스커트'}"
라코스테,LACOSTE,LACOSTE,바지&반바지,,,,"{'데님': '데님','진': '데님','청바지': '데님','denim': '데님','jeans': '데님','팬츠': '팬츠','pants': '팬츠','바지': '팬츠','슬랙스': '팬츠'}"
라코스테,LACOSTE,LACOSTE,티셔츠,,티셔츠,,
라코스테,LACOSTE,LACOSTE,스웨터&스웻셔츠,,,,
라코스테,LACOSTE,LACOSTE,레더굿,,,,
라코스테,LACOSTE,LACOSTE,폴로,,티셔츠,,
라코스테,LACOSTE,LACOSTE,셔츠,,셔츠,,
라코스테,LACOSTE,LACOSTE,신발,,신발,,
랑방컬렉션,LANVIN COLLECTION,LANVINCOLLECTION,아우터,,아우터,,"{'자켓': '자켓','블레이저': '자켓','재킷': '자켓','블레이져': '자켓','blazer': '자켓','jacket': '자켓','코트': '코트','coat': '코트','점퍼': '점퍼','jumper': '점퍼','베스트': '베스트','vest': '베스트','트렌치': '코트','버버리': '코트','trench': '코트','패딩': '패딩','다운': '패딩','padding': '패딩','down': '패딩'}"
랑방컬렉션,LANVIN COLLECTION,LANVINCOLLECTION,탑,,,,"{'블라우스': '블라우스','blouse': '블라우스','셔츠': '셔츠','shirt': '셔츠','shirts': '셔츠','티셔츠': '티셔츠','가디건': '가디건','cardigan': '가디건','니트': '니트/스웨터','스웨터': '니트/스웨터','knit': '니트/스웨터','sweater': '니트/스웨터'}"
랑방컬렉션,LANVIN COLLECTION,LANVINCOLLECTION,팬츠,,,,"{'데님': '데님','진': '데님','청바지': '데님','denim': '데님','jeans': '데님','팬츠': '팬츠','pants': '팬츠','바지': '팬츠','슬랙스': '팬츠'}"
랑방컬렉션,LANVIN COLLECTION,LANVINCOLLECTION,스커트,,,,
랑방컬렉션,LANVIN COLLECTION,LANVINCOLLECTION,드레스,,,,
랑방컬렉션,LANVIN COLLECTION,LANVINCOLLECTION,Special Shop,,,,
래트,LÄTT,LATT,아우터,,아우터,,"{'자켓': '자켓','블레이저': '자켓','재킷': '자켓','블레이져': '자켓','blazer': '자켓','jacket': '자켓','코트': '코트','coat': '코트','점퍼': '점퍼','jumper': '점퍼','베스트': '베스트','vest': '베스트','트렌치': '코트','버버리': '코트','trench': '코트','패딩': '패딩','다운': '패딩','padding': '패딩','down': '패딩'}"
래트,LÄTT,LATT,탑,,,,"{'블라우스': '블라우스','blouse': '블라우스','셔츠': '셔츠','shirt': '셔츠','shirts': '셔츠','티셔츠': '티셔츠','가디건': '가디건','cardigan': '가디건','니트': '니트/스웨터','스웨터': '니트/스웨터','knit': '니트/스웨터','sweater': '니트/스웨터'}"
래트,LÄTT,LATT,팬츠,,,,"{'데님': '데님','진': '데님','청바지': '데님','denim': '데님','jeans': '데님','팬츠': '팬츠','pants': '팬츠','바지': '팬츠','슬랙스': '팬츠'}"
래트,LÄTT,LATT,스커트,,,,
래트,LÄTT,LATT,드레스,,,,
리스트,LIST,LIST,코트,,아우터,,"{'자켓': '자켓','블레이저': '자켓','재킷': '자켓','블레이져': '자켓','blazer': '자켓','jacket': '자켓','코트': '코트','coat': '코트','점퍼': '점퍼','jumper': '점퍼','베스트': '베스트','vest': '베스트','트렌치': '코트','버버리': '코트','trench': '코트','패딩': '패딩','다운': '패딩','padding': '패딩','down': '패딩'}"
리스트,LIST,LIST,패딩&점퍼,,아우터,,"{'자켓': '자켓','블레이저': '자켓','재킷': '자켓','블레이져': '자켓','blazer': '자켓','jacket': '자켓','코트': '코트','coat': '코트','점퍼': '점퍼','jumper': '점퍼','베스트': '베스트','vest': '베스트','트렌치': '코트','버버리': '코트','trench': '코트','패딩': '패딩','다운': '패딩','padding': '패딩','down': '패딩'}"
리스트,LIST,LIST,재킷&베스트,,아우터,,"{'자켓': '자켓','블레이저': '자켓','재킷': '자켓','블레이져': '자켓','blazer': '자켓','jacket': '자켓','코트': '코트','coat': '코트','점퍼': '점퍼','jumper': '점퍼','베스트': '베스트','vest': '베스트','트렌치': '코트','버버리': '코트','trench': '코트','패딩': '패딩','다운': '패딩','padding': '패딩','down': '패딩'}"
리스트,LIST,LIST,블라우스&셔츠,,,,"{'블라우스': '블라우스','blouse': '블라우스','셔츠': '셔츠','shirt': '셔츠','shirts': '셔츠'}"
리스트,LIST,LIST,팬츠,,,,"{'데님': '데님','진': '데님','청바지': '데님','denim': '데님','jeans': '데님','팬츠': '팬츠','pants': '팬츠','바지': '팬츠','슬랙스': '팬츠'}"
리스트,LIST,LIST,니트&가디건,,상의,,"{'가디건': '가디건', 'cardigan': '가디건', '니트': '니트/스웨터', '스웨터': '니트/스웨터', 'knit': '니트/스웨터', 'sweater': '니트/스웨터'}"
리스트,LIST,LIST,티셔츠,,티셔츠,,
리스트,LIST,LIST,원피스,,,,
리스트,LIST,LIST,스커트,,,,
럭키슈에뜨,LUCKY CHOUETTE,LUCKYCHOUETTE,점퍼,,아우터,,"{'자켓': '자켓','블레이저': '자켓','재킷': '자켓','블레이져': '자켓','blazer': '자켓','jacket': '자켓','코트': '코트','coat': '코트','점퍼': '점퍼','jumper': '점퍼','베스트': '베스트','vest': '베스트','트렌치': '코트','버버리': '코트','trench': '코트','패딩': '패딩','다운': '패딩','padding': '패딩','down': '패딩'}"
럭키슈에뜨,LUCKY CHOUETTE,LUCKYCHOUETTE,코트,,아우터,,"{'자켓': '자켓','블레이저': '자켓','재킷': '자켓','블레이져': '자켓','blazer': '자켓','jacket': '자켓','코트': '코트','coat': '코트','점퍼': '점퍼','jumper': '점퍼','베스트': '베스트','vest': '베스트','트렌치': '코트','버버리': '코트','trench': '코트','패딩': '패딩','다운': '패딩','padding': '패딩','down': '패딩'}"
럭키슈에뜨,LUCKY CHOUETTE,LUCKYCHOUETTE,스커트/팬츠,,,,"{'스커트': '스커트','skirt': '스커트','데님': '데님','진': '데님','청바지': '데님','denim': '데님','jeans': '데님','팬츠': '팬츠','pants': '팬츠','바지': '팬츠','슬랙스': '팬츠'}"
럭키슈에뜨,LUCKY CHOUETTE,LUCKYCHOUETTE,블라우스/셔츠,,,,"{'블라우스': '블라우스','blouse': '블라우스','셔츠': '셔츠','shirt': '셔츠','shirts': '셔츠'}"
럭키슈에뜨,LUCKY CHOUETTE,LUCKYCHOUETTE,니트/가디건,,상의,,"{'가디건': '가디건', 'cardigan': '가디건', '니트': '니트/스웨터', '스웨터': '니트/스웨터', 'knit': '니트/스웨터', 'sweater': '니트/스웨터'}"
럭키슈에뜨,LUCKY CHOUETTE,LUCKYCHOUETTE,자켓,,자켓,,
럭키슈에뜨,LUCKY CHOUETTE,LUCKYCHOUETTE,티셔츠,,티셔츠,,
럭키슈에뜨,LUCKY CHOUETTE,LUCKYCHOUETTE,원피스,,,,
마쥬,Maje,MAJE,코트,,아우터,,"{'자켓': '자켓','블레이저': '자켓','재킷': '자켓','블레이져': '자켓','blazer': '자켓','jacket': '자켓','코트': '코트','coat': '코트','점퍼': '점퍼','jumper': '점퍼','베스트': '베스트','vest': '베스트','트렌치': '코트','버버리': '코트','trench': '코트','패딩': '패딩','다운': '패딩','padding': '패딩','down': '패딩'}"
마쥬,Maje,MAJE,팬츠,,,,"{'데님': '데님','진': '데님','청바지': '데님','denim': '데님','jeans': '데님','팬츠': '팬츠','pants': '팬츠','바지': '팬츠','슬랙스': '팬츠'}"
마쥬,Maje,MAJE,탑,,티셔츠,,
마쥬,Maje,MAJE,블라우스,,블라우스,,
마쥬,Maje,MAJE,셔츠,,셔츠,,
마쥬,Maje,MAJE,니트,,니트/스웨터,,
마쥬,Maje,MAJE,가디건,상의,가디건,,
마쥬,Maje,MAJE,원피스,,,,
마쥬,Maje,MAJE,자켓,,자켓,,
마쥬,Maje,MAJE,스커트,,,,
마쥬,Maje,MAJE,슈즈,,신발,,
마리메꼬,marimekko,MARIMEKKO,의류,,,,{'원피스': '원피스/세트'}
마리메꼬,marimekko,MARIMEKKO,백/파우치,,,,
마리메꼬,marimekko,MARIMEKKO,키친,,,,
마리메꼬,marimekko,MARIMEKKO,리빙,,,,
마리메꼬,marimekko,MARIMEKKO,욕실용품,,,,
마르니,MARNI,MARNI,자켓/베스트,,아우터,,"{'자켓': '자켓','블레이저': '자켓','재킷': '자켓','블레이져': '자켓','blazer': '자켓','jacket': '자켓','코트': '코트','coat': '코트','점퍼': '점퍼','jumper': '점퍼','베스트': '베스트','vest': '베스트','트렌치': '코트','버버리': '코트','trench': '코트','패딩': '패딩','다운': '패딩','padding': '패딩','down': '패딩'}"
마르니,MARNI,MARNI,코트,,아우터,,"{'자켓': '자켓','블레이저': '자켓','재킷': '자켓','블레이져': '자켓','blazer': '자켓','jacket': '자켓','코트': '코트','coat': '코트','점퍼': '점퍼','jumper': '점퍼','베스트': '베스트','vest': '베스트','트렌치': '코트','버버리': '코트','trench': '코트','패딩': '패딩','다운': '패딩','padding': '패딩','down': '패딩'}"
마르니,MARNI,MARNI,점퍼,,아우터,,"{'자켓': '자켓','블레이저': '자켓','재킷': '자켓','블레이져': '자켓','blazer': '자켓','jacket': '자켓','코트': '코트','coat': '코트','점퍼': '점퍼','jumper': '점퍼','베스트': '베스트','vest': '베스트','트렌치': '코트','버버리': '코트','trench': '코트','패딩': '패딩','다운': '패딩','padding': '패딩','down': '패딩'}"
마르니,MARNI,MARNI,상의,,,,"{'블라우스': '블라우스','blouse': '블라우스','셔츠': '셔츠','shirt': '셔츠','shirts': '셔츠'}"
마르니,MARNI,MARNI,팬츠,,,,"{'데님': '데님','진': '데님','청바지': '데님','denim': '데님','jeans': '데님','팬츠': '팬츠','pants': '팬츠','바지': '팬츠','슬랙스': '팬츠'}"
마르니,MARNI,MARNI,니트,,상의,,"{'가디건': '가디건', 'cardigan': '가디건', '니트': '니트/스웨터', '스웨터': '니트/스웨터', 'knit': '니트/스웨터', 'sweater': '니트/스웨터'}"
마르니,MARNI,MARNI,티셔츠,,티셔츠,,
마르니,MARNI,MARNI,스커트,,,,
마르니,MARNI,MARNI,원피스/점프수트,,,,
메종키츠네,Masion Kitsune,MAISONKITSUNE,아우터,,아우터,,"{'자켓': '자켓','블레이저': '자켓','재킷': '자켓','블레이져': '자켓','blazer': '자켓','jacket': '자켓','코트': '코트','coat': '코트','점퍼': '점퍼','jumper': '점퍼','베스트': '베스트','vest': '베스트','트렌치': '코트','버버리': '코트','trench': '코트','패딩': '패딩','다운': '패딩','padding': '패딩','down': '패딩'}"
메종키츠네,Masion Kitsune,MAISONKITSUNE,재킷/베스트,,아우터,,"{'자켓': '자켓','블레이저': '자켓','재킷': '자켓','블레이져': '자켓','blazer': '자켓','jacket': '자켓','코트': '코트','coat': '코트','점퍼': '점퍼','jumper': '점퍼','베스트': '베스트','vest': '베스트','트렌치': '코트','버버리': '코트','trench': '코트','패딩': '패딩','다운': '패딩','padding': '패딩','down': '패딩'}"
메종키츠네,Masion Kitsune,MAISONKITSUNE,팬츠,,,,"{'데님': '데님','진': '데님','청바지': '데님','denim': '데님','jeans': '데님','팬츠': '팬츠','pants': '팬츠','바지': '팬츠','슬랙스': '팬츠'}"
메종키츠네,Masion Kitsune,MAISONKITSUNE,니트,,상의,,"{'가디건': '가디건', 'cardigan': '가디건', '니트': '니트/스웨터', '스웨터': '니트/스웨터', 'knit': '니트/스웨터', 'sweater': '니트/스웨터'}"
메종키츠네,Masion Kitsune,MAISONKITSUNE,스커트,,,,
메종키츠네,Masion Kitsune,MAISONKITSUNE,원피스,,,,
메종 마르지엘라,Masion Margiela,MAISONMARGIELA,코트,,아우터,,"{'자켓': '자켓','블레이저': '자켓','재킷': '자켓','블레이져': '자켓','blazer': '자켓','jacket': '자켓','코트': '코트','coat': '코트','점퍼': '점퍼','jumper': '점퍼','베스트': '베스트','vest': '베스트','트렌치': '코트','버버리': '코트','trench': '코트','패딩': '패딩','다운': '패딩','padding': '패딩','down': '패딩'}"
메종 마르지엘라,Masion Margiela,MAISONMARGIELA,점퍼,,아우터,,"{'자켓': '자켓','블레이저': '자켓','재킷': '자켓','블레이져': '자켓','blazer': '자켓','jacket': '자켓','코트': '코트','coat': '코트','점퍼': '점퍼','jumper': '점퍼','베스트': '베스트','vest': '베스트','트렌치': '코트','버버리': '코트','trench': '코트','패딩': '패딩','다운': '패딩','padding': '패딩','down': '패딩'}"
메종 마르지엘라,Masion Margiela,MAISONMARGIELA,자켓/베스트,,아우터,,"{'자켓': '자켓','블레이저': '자켓','재킷': '자켓','블레이져': '자켓','blazer': '자켓','jacket': '자켓','코트': '코트','coat': '코트','점퍼': '점퍼','jumper': '점퍼','베스트': '베스트','vest': '베스트','트렌치': '코트','버버리': '코트','trench': '코트','패딩': '패딩','다운': '패딩','padding': '패딩','down': '패딩'}"
메종 마르지엘라,Masion Margiela,MAISONMARGIELA,상의,,,,"{'블라우스': '블라우스','blouse': '블라우스','셔츠': '셔츠','shirt': '셔츠','shirts': '셔츠'}"
메종 마르지엘라,Masion Margiela,MAISONMARGIELA,팬츠,,,,"{'데님': '데님','진': '데님','청바지': '데님','denim': '데님','jeans': '데님','팬츠': '팬츠','pants': '팬츠','바지': '팬츠','슬랙스': '팬츠'}"
메종 마르지엘라,Masion Margiela,MAISONMARGIELA,니트,,상의,,"{'가디건': '가디건', 'cardigan': '가디건', '니트': '니트/스웨터', '스웨터': '니트/스웨터', 'knit': '니트/스웨터', 'sweater': '니트/스웨터'}"
메종 마르지엘라,Masion Margiela,MAISONMARGIELA,원피스/점프수트,,,,
메종 마르지엘라,Masion Margiela,MAISONMARGIELA,티셔츠,,티셔츠,,
메종 마르지엘라,Masion Margiela,MAISONMARGIELA,스커트,,,,
멜리사,Melissa,MELISSA,아우터,,아우터,,"{'자켓': '자켓','블레이저': '자켓','재킷': '자켓','블레이져': '자켓','blazer': '자켓','jacket': '자켓','코트': '코트','coat': '코트','점퍼': '점퍼','jumper': '점퍼','베스트': '베스트','vest': '베스트','트렌치': '코트','버버리': '코트','trench': '코트','패딩': '패딩','다운': '패딩','padding': '패딩','down': '패딩'}"
멜리사,Melissa,MELISSA,상의,,,,"{'블라우스': '블라우스','blouse': '블라우스','셔츠': '셔츠','shirt': '셔츠','shirts': '셔츠'}"
멜리사,Melissa,MELISSA,팬츠,,,,"{'데님': '데님','진': '데님','청바지': '데님','denim': '데님','jeans': '데님','팬츠': '팬츠','pants': '팬츠','바지': '팬츠','슬랙스': '팬츠'}"
멜리사,Melissa,MELISSA,니트,,상의,,"{'가디건': '가디건', 'cardigan': '가디건', '니트': '니트/스웨터', '스웨터': '니트/스웨터', 'knit': '니트/스웨터', 'sweater': '니트/스웨터'}"
멜리사,Melissa,MELISSA,티셔츠,,티셔츠,,
멜리사,Melissa,MELISSA,스커트,,,,
멜리사,Melissa,MELISSA,원피스,,,,
미샤,MICHAA,MICHAA,코트,,아우터,,"{'자켓': '자켓','블레이저': '자켓','재킷': '자켓','블레이져': '자켓','blazer': '자켓','jacket': '자켓','코트': '코트','coat': '코트','점퍼': '점퍼','jumper': '점퍼','베스트': '베스트','vest': '베스트','트렌치': '코트','버버리': '코트','trench': '코트','패딩': '패딩','다운': '패딩','padding': '패딩','down': '패딩'}"
미샤,MICHAA,MICHAA,팬츠,,,,"{'데님': '데님','진': '데님','청바지': '데님','denim': '데님','jeans': '데님','팬츠': '팬츠','pants': '팬츠','바지': '팬츠','슬랙스': '팬츠'}"
미샤,MICHAA,MICHAA,니트,,상의,,"{'가디건': '가디건', 'cardigan': '가디건', '니트': '니트/스웨터', '스웨터': '니트/스웨터', 'knit': '니트/스웨터', 'sweater': '니트/스웨터'}"
미샤,MICHAA,MICHAA,자켓,,자켓,,
미샤,MICHAA,MICHAA,베스트,,베스트,,
미샤,MICHAA,MICHAA,원피스,,,,
미샤,MICHAA,MICHAA,스커트,,,,
미샤,MICHAA,MICHAA,블라우스,,블라우스,,
미샤,MICHAA,MICHAA,티셔츠,,티셔츠,,
마인,MINE,MINE,아우터,,아우터,,"{'자켓': '자켓','블레이저': '자켓','재킷': '자켓','블레이져': '자켓','blazer': '자켓','jacket': '자켓','코트': '코트','coat': '코트','점퍼': '점퍼','jumper': '점퍼','베스트': '베스트','vest': '베스트','트렌치': '코트','버버리': '코트','trench': '코트','패딩': '패딩','다운': '패딩','padding': '패딩','down': '패딩'}"
마인,MINE,MINE,탑,,,,"{'블라우스': '블라우스','blouse': '블라우스','셔츠': '셔츠','shirt': '셔츠','shirts': '셔츠','티셔츠': '티셔츠','가디건': '가디건','cardigan': '가디건','니트': '니트/스웨터','스웨터': '니트/스웨터','knit': '니트/스웨터','sweater': '니트/스웨터'}"
마인,MINE,MINE,팬츠,,,,"{'데님': '데님','진': '데님','청바지': '데님','denim': '데님','jeans': '데님','팬츠': '팬츠','pants': '팬츠','바지': '팬츠','슬랙스': '팬츠'}"
마인,MINE,MINE,스커트,,,,
마인,MINE,MINE,드레스,,,,
마인,MINE,MINE,Special Shop,,,,
모조에스핀,MOJO.S.PHINE,MOJOSPHINE,아우터,,아우터,,"{'자켓': '자켓','블레이저': '자켓','재킷': '자켓','블레이져': '자켓','blazer': '자켓','jacket': '자켓','코트': '코트','coat': '코트','점퍼': '점퍼','jumper': '점퍼','베스트': '베스트','vest': '베스트','트렌치': '코트','버버리': '코트','trench': '코트','패딩': '패딩','다운': '패딩','padding': '패딩','down': '패딩'}"
모조에스핀,MOJO.S.PHINE,MOJOSPHINE,탑,,,,"{'블라우스': '블라우스','blouse': '블라우스','셔츠': '셔츠','shirt': '셔츠','shirts': '셔츠','티셔츠': '티셔츠','가디건': '가디건','cardigan': '가디건','니트': '니트/스웨터','스웨터': '니트/스웨터','knit': '니트/스웨터','sweater': '니트/스웨터'}"
모조에스핀,MOJO.S.PHINE,MOJOSPHINE,팬츠,,,,"{'데님': '데님','진': '데님','청바지': '데님','denim': '데님','jeans': '데님','팬츠': '팬츠','pants': '팬츠','바지': '팬츠','슬랙스': '팬츠'}"
모조에스핀,MOJO.S.PHINE,MOJOSPHINE,니트,,상의,,"{'가디건': '가디건', 'cardigan': '가디건', '니트': '니트/스웨터', '스웨터': '니트/스웨터', 'knit': '니트/스웨터', 'sweater': '니트/스웨터'}"
모조에스핀,MOJO.S.PHINE,MOJOSPHINE,스커트,,,,
모조에스핀,MOJO.S.PHINE,MOJOSPHINE,드레스,,,,
무스너클,MOOSE KNUCKLES,MOOSEKNUCKLES,점퍼,,아우터,,"{'자켓': '자켓','블레이저': '자켓','재킷': '자켓','블레이져': '자켓','blazer': '자켓','jacket': '자켓','코트': '코트','coat': '코트','점퍼': '점퍼','jumper': '점퍼','베스트': '베스트','vest': '베스트','트렌치': '코트','버버리': '코트','trench': '코트','패딩': '패딩','다운': '패딩','padding': '패딩','down': '패딩'}"
무스너클,MOOSE KNUCKLES,MOOSEKNUCKLES,니트,,상의,,"{'가디건': '가디건', 'cardigan': '가디건', '니트': '니트/스웨터', '스웨터': '니트/스웨터', 'knit': '니트/스웨터', 'sweater': '니트/스웨터'}"
무스너클,MOOSE KNUCKLES,MOOSEKNUCKLES,티셔츠,,티셔츠,,
넘버21,N21,N21,셔츠,,,,"{'블라우스': '블라우스','blouse': '블라우스','셔츠': '셔츠','shirt': '셔츠','shirts': '셔츠'}"
넘버21,N21,N21,니트/스웨터,,상의,,"{'가디건': '가디건', 'cardigan': '가디건', '니트': '니트/스웨터', '스웨터': '니트/스웨터', 'knit': '니트/스웨터', 'sweater': '니트/스웨터'}"
넘버21,N21,N21,원피스,,,,
넘버21,N21,N21,스커트,,,,
넘버21,N21,N21,티셔츠,,티셔츠,,
나이스클랍,NICE CLAUP,NICECLAUP,아우터,,아우터,,"{'자켓': '자켓','블레이저': '자켓','재킷': '자켓','블레이져': '자켓','blazer': '자켓','jacket': '자켓','코트': '코트','coat': '코트','점퍼': '점퍼','jumper': '점퍼','베스트': '베스트','vest': '베스트','트렌치': '코트','버버리': '코트','trench': '코트','패딩': '패딩','다운': '패딩','padding': '패딩','down': '패딩'}"
나이스클랍,NICE CLAUP,NICECLAUP,하의,,,,"{'스커트': '스커트','skirt': '스커트','데님': '데님','진': '데님','청바지': '데님','denim': '데님','jeans': '데님','팬츠': '팬츠','pants': '팬츠','바지': '팬츠','슬랙스': '팬츠'}"
나이스클랍,NICE CLAUP,NICECLAUP,상의,,상의,,"{'가디건': '가디건', 'cardigan': '가디건'}"
나이스클랍,NICE CLAUP,NICECLAUP,상의,,,,"{'블라우스': '블라우스','blouse': '블라우스','셔츠': '셔츠','shirt': '셔츠','shirts': '셔츠', '티셔츠': '티셔츠'}"
나이스클랍,NICE CLAUP,NICECLAUP,기타소품,,,,
나이스클랍,NICE CLAUP,NICECLAUP,원피스,,,,
나이스클랍,NICE CLAUP,NICECLAUP,신발,,신발,,
나이스클랍,NICE CLAUP,NICECLAUP,가방,,,,
노비스,nobis,NOBIS,점퍼,,,,
오즈세컨,O'2nd,O2ND,아우터,,아우터,,"{'자켓': '자켓','블레이저': '자켓','재킷': '자켓','블레이져': '자켓','blazer': '자켓','jacket': '자켓','코트': '코트','coat': '코트','점퍼': '점퍼','jumper': '점퍼','베스트': '베스트','vest': '베스트','트렌치': '코트','버버리': '코트','trench': '코트','패딩': '패딩','다운': '패딩','padding': '패딩','down': '패딩'}"
오즈세컨,O'2nd,O2ND,탑,,,,"{'블라우스': '블라우스','blouse': '블라우스','셔츠': '셔츠','shirt': '셔츠','shirts': '셔츠','티셔츠': '티셔츠','가디건': '가디건','cardigan': '가디건','니트': '니트/스웨터','스웨터': '니트/스웨터','knit': '니트/스웨터','sweater': '니트/스웨터'}"
오즈세컨,O'2nd,O2ND,팬츠,,,,"{'데님': '데님','진': '데님','청바지': '데님','denim': '데님','jeans': '데님','팬츠': '팬츠','pants': '팬츠','바지': '팬츠','슬랙스': '팬츠'}"
오즈세컨,O'2nd,O2ND,스커트,,,,
오즈세컨,O'2nd,O2ND,드레스,,,,
오브제,OBZEE,OBZEE,아우터,,아우터,,"{'자켓': '자켓','블레이저': '자켓','재킷': '자켓','블레이져': '자켓','blazer': '자켓','jacket': '자켓','코트': '코트','coat': '코트','점퍼': '점퍼','jumper': '점퍼','베스트': '베스트','vest': '베스트','트렌치': '코트','버버리': '코트','trench': '코트','패딩': '패딩','다운': '패딩','padding': '패딩','down': '패딩'}"
오브제,OBZEE,OBZEE,탑,,,,"{'블라우스': '블라우스','blouse': '블라우스','셔츠': '셔츠','shirt': '셔츠','shirts': '셔츠','티셔츠': '티셔츠','가디건': '가디건','cardigan': '가디건','니트': '니트/스웨터','스웨터': '니트/스웨터','knit': '니트/스웨터','sweater': '니트/스웨터'}"
오브제,OBZEE,OBZEE,팬츠,,,,"{'데님': '데님','진': '데님','청바지': '데님','denim': '데님','jeans': '데님','팬츠': '팬츠','pants': '팬츠','바지': '팬츠','슬랙스': '팬츠'}"
오브제,OBZEE,OBZEE,스커트,,,,
오브제,OBZEE,OBZEE,드레스,,,,
오피신 제네랄,Officine Generale,OFFICINEGENERALE,셔츠,,,,"{'블라우스': '블라우스','blouse': '블라우스','셔츠': '셔츠','shirt': '셔츠','shirts': '셔츠'}"
오피신 제네랄,Officine Generale,OFFICINEGENERALE,팬츠,,,,"{'데님': '데님','진': '데님','청바지': '데님','denim': '데님','jeans': '데님','팬츠': '팬츠','pants': '팬츠','바지': '팬츠','슬랙스': '팬츠'}"
오피신 제네랄,Officine Generale,OFFICINEGENERALE,니트/스웨터,,상의,,"{'가디건': '가디건', 'cardigan': '가디건', '니트': '니트/스웨터', '스웨터': '니트/스웨터', 'knit': '니트/스웨터', 'sweater': '니트/스웨터'}"
오피신 제네랄,Officine Generale,OFFICINEGENERALE,티셔츠,,티셔츠,,
오피신 제네랄,Officine Generale,OFFICINEGENERALE,원피스,,,,
오피신 제네랄,Officine Generale,OFFICINEGENERALE,스커트,,,,
오이아우어,OIAUER,OIAUER,아우터,,아우터,,"{'자켓': '자켓','블레이저': '자켓','재킷': '자켓','블레이져': '자켓','blazer': '자켓','jacket': '자켓','코트': '코트','coat': '코트','점퍼': '점퍼','jumper': '점퍼','베스트': '베스트','vest': '베스트','트렌치': '코트','버버리': '코트','trench': '코트','패딩': '패딩','다운': '패딩','padding': '패딩','down': '패딩'}"
오이아우어,OIAUER,OIAUER,상의,,,,"{'블라우스': '블라우스','blouse': '블라우스','셔츠': '셔츠','shirt': '셔츠','shirts': '셔츠'}"
오이아우어,OIAUER,OIAUER,팬츠,,,,"{'데님': '데님','진': '데님','청바지': '데님','denim': '데님','jeans': '데님','팬츠': '팬츠','pants': '팬츠','바지': '팬츠','슬랙스': '팬츠'}"
오이아우어,OIAUER,OIAUER,니트,,상의,,"{'가디건': '가디건', 'cardigan': '가디건', '니트': '니트/스웨터', '스웨터': '니트/스웨터', 'knit': '니트/스웨터', 'sweater': '니트/스웨터'}"
오이아우어,OIAUER,OIAUER,스커트,,,,
오이아우어,OIAUER,OIAUER,원피스,,,,
오이아우어,OIAUER,OIAUER,티셔츠,,티셔츠,,
폴스미스,Paul Smith,PAULSMITH,코트,,아우터,,"{'자켓': '자켓','블레이저': '자켓','재킷': '자켓','블레이져': '자켓','blazer': '자켓','jacket': '자켓','코트': '코트','coat': '코트','점퍼': '점퍼','jumper': '점퍼','베스트': '베스트','vest': '베스트','트렌치': '코트','버버리': '코트','trench': '코트','패딩': '패딩','다운': '패딩','padding': '패딩','down': '패딩'}"
폴스미스,Paul Smith,PAULSMITH,점퍼,,아우터,,"{'자켓': '자켓','블레이저': '자켓','재킷': '자켓','블레이져': '자켓','blazer': '자켓','jacket': '자켓','코트': '코트','coat': '코트','점퍼': '점퍼','jumper': '점퍼','베스트': '베스트','vest': '베스트','트렌치': '코트','버버리': '코트','trench': '코트','패딩': '패딩','다운': '패딩','padding': '패딩','down': '패딩'}"
폴스미스,Paul Smith,PAULSMITH,자켓/베스트,,아우터,,"{'자켓': '자켓','블레이저': '자켓','재킷': '자켓','블레이져': '자켓','blazer': '자켓','jacket': '자켓','코트': '코트','coat': '코트','점퍼': '점퍼','jumper': '점퍼','베스트': '베스트','vest': '베스트','트렌치': '코트','버버리': '코트','trench': '코트','패딩': '패딩','다운': '패딩','padding': '패딩','down': '패딩'}"
폴스미스,Paul Smith,PAULSMITH,상의,,,,"{'블라우스': '블라우스','blouse': '블라우스','셔츠': '셔츠','shirt': '셔츠','shirts': '셔츠'}"
폴스미스,Paul Smith,PAULSMITH,팬츠,,,,"{'데님': '데님','진': '데님','청바지': '데님','denim': '데님','jeans': '데님','팬츠': '팬츠','pants': '팬츠','바지': '팬츠','슬랙스': '팬츠'}"
폴스미스,Paul Smith,PAULSMITH,니트,,상의,,"{'가디건': '가디건', 'cardigan': '가디건', '니트': '니트/스웨터', '스웨터': '니트/스웨터', 'knit': '니트/스웨터', 'sweater': '니트/스웨터'}"
폴스미스,Paul Smith,PAULSMITH,원피스/점프수트,,,,
폴스미스,Paul Smith,PAULSMITH,티셔츠,,티셔츠,,
폴스미스,Paul Smith,PAULSMITH,스커트,,,,
플랜 씨,Plan C,PLANC,재킷/베스트,,아우터,,"{'자켓': '자켓','블레이저': '자켓','재킷': '자켓','블레이져': '자켓','blazer': '자켓','jacket': '자켓','코트': '코트','coat': '코트','점퍼': '점퍼','jumper': '점퍼','베스트': '베스트','vest': '베스트','트렌치': '코트','버버리': '코트','trench': '코트','패딩': '패딩','다운': '패딩','padding': '패딩','down': '패딩'}"
플랜 씨,Plan C,PLANC,상의,,,,"{'블라우스': '블라우스','blouse': '블라우스','셔츠': '셔츠','shirt': '셔츠','shirts': '셔츠'}"
플랜 씨,Plan C,PLANC,원피스,,,,
플랜 씨,Plan C,PLANC,티셔츠,,티셔츠,,
프로엔자 스쿨러,PROENZA SCHOULER,PROENZASCHOULER,자켓/베스트,,아우터,,"{'자켓': '자켓','블레이저': '자켓','재킷': '자켓','블레이져': '자켓','blazer': '자켓','jacket': '자켓','코트': '코트','coat': '코트','점퍼': '점퍼','jumper': '점퍼','베스트': '베스트','vest': '베스트','트렌치': '코트','버버리': '코트','trench': '코트','패딩': '패딩','다운': '패딩','padding': '패딩','down': '패딩'}"
프로엔자 스쿨러,PROENZA SCHOULER,PROENZASCHOULER,코트,,아우터,,"{'자켓': '자켓','블레이저': '자켓','재킷': '자켓','블레이져': '자켓','blazer': '자켓','jacket': '자켓','코트': '코트','coat': '코트','점퍼': '점퍼','jumper': '점퍼','베스트': '베스트','vest': '베스트','트렌치': '코트','버버리': '코트','trench': '코트','패딩': '패딩','다운': '패딩','padding': '패딩','down': '패딩'}"
프로엔자 스쿨러,PROENZA SCHOULER,PROENZASCHOULER,상의,,,,"{'블라우스': '블라우스','blouse': '블라우스','셔츠': '셔츠','shirt': '셔츠','shirts': '셔츠'}"
프로엔자 스쿨러,PROENZA SCHOULER,PROENZASCHOULER,팬츠,,,,"{'데님': '데님','진': '데님','청바지': '데님','denim': '데님','jeans': '데님','팬츠': '팬츠','pants': '팬츠','바지': '팬츠','슬랙스': '팬츠'}"
프로엔자 스쿨러,PROENZA SCHOULER,PROENZASCHOULER,니트,,상의,,"{'가디건': '가디건', 'cardigan': '가디건', '니트': '니트/스웨터', '스웨터': '니트/스웨터', 'knit': '니트/스웨터', 'sweater': '니트/스웨터'}"
프로엔자 스쿨러,PROENZA SCHOULER,PROENZASCHOULER,티셔츠,,티셔츠,,
프로엔자 스쿨러,PROENZA SCHOULER,PROENZASCHOULER,스커트,,,,
프로엔자 스쿨러,PROENZA SCHOULER,PROENZASCHOULER,원피스/점프수트,,,,
프로엔자 스쿨러,PROENZA SCHOULER,PROENZASCHOULER,수트,,,,
랙앤본,rag & bone,RAGANDBONE,아우터,,아우터,,"{'자켓': '자켓','블레이저': '자켓','재킷': '자켓','블레이져': '자켓','blazer': '자켓','jacket': '자켓','코트': '코트','coat': '코트','점퍼': '점퍼','jumper': '점퍼','베스트': '베스트','vest': '베스트','트렌치': '코트','버버리': '코트','trench': '코트','패딩': '패딩','다운': '패딩','padding': '패딩','down': '패딩'}"
랙앤본,rag & bone,RAGANDBONE,상의,,,,"{'블라우스': '블라우스','blouse': '블라우스','셔츠': '셔츠','shirt': '셔츠','shirts': '셔츠'}"
랙앤본,rag & bone,RAGANDBONE,팬츠,,,,"{'데님': '데님','진': '데님','청바지': '데님','denim': '데님','jeans': '데님','팬츠': '팬츠','pants': '팬츠','바지': '팬츠','슬랙스': '팬츠'}"
랙앤본,rag & bone,RAGANDBONE,니트,,상의,,"{'가디건': '가디건', 'cardigan': '가디건', '니트': '니트/스웨터', '스웨터': '니트/스웨터', 'knit': '니트/스웨터', 'sweater': '니트/스웨터'}"
랙앤본,rag & bone,RAGANDBONE,티셔츠,,티셔츠,,
랙앤본,rag & bone,RAGANDBONE,스커트,,,,
랙앤본,rag & bone,RAGANDBONE,원피스,,,,
리스,REISS,REISS,코트,,아우터,,"{'자켓': '자켓','블레이저': '자켓','재킷': '자켓','블레이져': '자켓','blazer': '자켓','jacket': '자켓','코트': '코트','coat': '코트','점퍼': '점퍼','jumper': '점퍼','베스트': '베스트','vest': '베스트','트렌치': '코트','버버리': '코트','trench': '코트','패딩': '패딩','다운': '패딩','padding': '패딩','down': '패딩'}"
리스,REISS,REISS,점퍼,,아우터,,"{'자켓': '자켓','블레이저': '자켓','재킷': '자켓','블레이져': '자켓','blazer': '자켓','jacket': '자켓','코트': '코트','coat': '코트','점퍼': '점퍼','jumper': '점퍼','베스트': '베스트','vest': '베스트','트렌치': '코트','버버리': '코트','trench': '코트','패딩': '패딩','다운': '패딩','padding': '패딩','down': '패딩'}"
리스,REISS,REISS,자켓/베스트,,아우터,,"{'자켓': '자켓','블레이저': '자켓','재킷': '자켓','블레이져': '자켓','blazer': '자켓','jacket': '자켓','코트': '코트','coat': '코트','점퍼': '점퍼','jumper': '점퍼','베스트': '베스트','vest': '베스트','트렌치': '코트','버버리': '코트','trench': '코트','패딩': '패딩','다운': '패딩','padding': '패딩','down': '패딩'}"
리스,REISS,REISS,상의,,,,"{'블라우스': '블라우스','blouse': '블라우스','셔츠': '셔츠','shirt': '셔츠','shirts': '셔츠'}"
리스,REISS,REISS,팬츠,,,,"{'데님': '데님','진': '데님','청바지': '데님','denim': '데님','jeans': '데님','팬츠': '팬츠','pants': '팬츠','바지': '팬츠','슬랙스': '팬츠'}"
리스,REISS,REISS,니트,,상의,,"{'가디건': '가디건', 'cardigan': '가디건', '니트': '니트/스웨터', '스웨터': '니트/스웨터', 'knit': '니트/스웨터', 'sweater': '니트/스웨터'}"
리스,REISS,REISS,수트,,,,
리스,REISS,REISS,원피스/점프수트,,,,
리스,REISS,REISS,티셔츠,,티셔츠,,
리스,REISS,REISS,스커트,,,,
레니본,RENEEVON,RENEEVON,코트,,아우터,,"{'자켓': '자켓','블레이저': '자켓','재킷': '자켓','블레이져': '자켓','blazer': '자켓','jacket': '자켓','코트': '코트','coat': '코트','점퍼': '점퍼','jumper': '점퍼','베스트': '베스트','vest': '베스트','트렌치': '코트','버버리': '코트','trench': '코트','패딩': '패딩','다운': '패딩','padding': '패딩','down': '패딩'}"
레니본,RENEEVON,RENEEVON,탑,,,,"{'블라우스': '블라우스','blouse': '블라우스','셔츠': '셔츠','shirt': '셔츠','shirts': '셔츠','티셔츠': '티셔츠','가디건': '가디건','cardigan': '가디건','니트': '니트/스웨터','스웨터': '니트/스웨터','knit': '니트/스웨터','sweater': '니트/스웨터'}"
레니본,RENEEVON,RENEEVON,팬츠,,,,"{'데님': '데님','진': '데님','청바지': '데님','denim': '데님','jeans': '데님','팬츠': '팬츠','pants': '팬츠','바지': '팬츠','슬랙스': '팬츠'}"
레니본,RENEEVON,RENEEVON,블라우스,,블라우스,,
레니본,RENEEVON,RENEEVON,셔츠,,셔츠,,
레니본,RENEEVON,RENEEVON,니트,,니트/스웨터,,
레니본,RENEEVON,RENEEVON,가디건,상의,가디건,,
레니본,RENEEVON,RENEEVON,원피스,,,,
레니본,RENEEVON,RENEEVON,자켓,,자켓,,
레니본,RENEEVON,RENEEVON,스커트,,,,
레니본,RENEEVON,RENEEVON,슈즈,,신발,,
릭 오웬스,Rick Owens,RICKOWENS,자켓/베스트,,아우터,,"{'자켓': '자켓','블레이저': '자켓','재킷': '자켓','블레이져': '자켓','blazer': '자켓','jacket': '자켓','코트': '코트','coat': '코트','점퍼': '점퍼','jumper': '점퍼','베스트': '베스트','vest': '베스트','트렌치': '코트','버버리': '코트','trench': '코트','패딩': '패딩','다운': '패딩','padding': '패딩','down': '패딩'}"
릭 오웬스,Rick Owens,RICKOWENS,점퍼,,아우터,,"{'자켓': '자켓','블레이저': '자켓','재킷': '자켓','블레이져': '자켓','blazer': '자켓','jacket': '자켓','코트': '코트','coat': '코트','점퍼': '점퍼','jumper': '점퍼','베스트': '베스트','vest': '베스트','트렌치': '코트','버버리': '코트','trench': '코트','패딩': '패딩','다운': '패딩','padding': '패딩','down': '패딩'}"
릭 오웬스,Rick Owens,RICKOWENS,코트,,아우터,,"{'자켓': '자켓','블레이저': '자켓','재킷': '자켓','블레이져': '자켓','blazer': '자켓','jacket': '자켓','코트': '코트','coat': '코트','점퍼': '점퍼','jumper': '점퍼','베스트': '베스트','vest': '베스트','트렌치': '코트','버버리': '코트','trench': '코트','패딩': '패딩','다운': '패딩','padding': '패딩','down': '패딩'}"
릭 오웬스,Rick Owens,RICKOWENS,상의,,,,"{'블라우스': '블라우스','blouse': '블라우스','셔츠': '셔츠','shirt': '셔츠','shirts': '셔츠'}"
릭 오웬스,Rick Owens,RICKOWENS,팬츠,,,,"{'데님': '데님','진': '데님','청바지': '데님','denim': '데님','jeans': '데님','팬츠': '팬츠','pants': '팬츠','바지': '팬츠','슬랙스': '팬츠'}"
릭 오웬스,Rick Owens,RICKOWENS,니트,,상의,,"{'가디건': '가디건', 'cardigan': '가디건', '니트': '니트/스웨터', '스웨터': '니트/스웨터', 'knit': '니트/스웨터', 'sweater': '니트/스웨터'}"
릭 오웬스,Rick Owens,RICKOWENS,티셔츠,,티셔츠,,
릭 오웬스,Rick Owens,RICKOWENS,스커트,,,,
릭 오웬스,Rick Owens,RICKOWENS,골프/스포츠웨어,,,,
릭 오웬스,Rick Owens,RICKOWENS,원피스/점프수트,,,,
사카이,sacai,SACAI,점퍼,,아우터,,"{'자켓': '자켓','블레이저': '자켓','재킷': '자켓','블레이져': '자켓','blazer': '자켓','jacket': '자켓','코트': '코트','coat': '코트','점퍼': '점퍼','jumper': '점퍼','베스트': '베스트','vest': '베스트','트렌치': '코트','버버리': '코트','trench': '코트','패딩': '패딩','다운': '패딩','padding': '패딩','down': '패딩'}"
사카이,sacai,SACAI,자켓/베스트,,아우터,,"{'자켓': '자켓','블레이저': '자켓','재킷': '자켓','블레이져': '자켓','blazer': '자켓','jacket': '자켓','코트': '코트','coat': '코트','점퍼': '점퍼','jumper': '점퍼','베스트': '베스트','vest': '베스트','트렌치': '코트','버버리': '코트','trench': '코트','패딩': '패딩','다운': '패딩','padding': '패딩','down': '패딩'}"
사카이,sacai,SACAI,상의,,,,"{'블라우스': '블라우스','blouse': '블라우스','셔츠': '셔츠','shirt': '셔츠','shirts': '셔츠'}"
사카이,sacai,SACAI,팬츠,,,,"{'데님': '데님','진': '데님','청바지': '데님','denim': '데님','jeans': '데님','팬츠': '팬츠','pants': '팬츠','바지': '팬츠','슬랙스': '팬츠'}"
사카이,sacai,SACAI,니트,,상의,,"{'가디건': '가디건', 'cardigan': '가디건', '니트': '니트/스웨터', '스웨터': '니트/스웨터', 'knit': '니트/스웨터', 'sweater': '니트/스웨터'}"
사카이,sacai,SACAI,원피스/점프수트,,,,
사카이,sacai,SACAI,티셔츠,,티셔츠,,
사카이,sacai,SACAI,스커트,,,,
세인트제임스,Saint James,SAINTJAMES,코트,,아우터,,"{'자켓': '자켓','블레이저': '자켓','재킷': '자켓','블레이져': '자켓','blazer': '자켓','jacket': '자켓','코트': '코트','coat': '코트','점퍼': '점퍼','jumper': '점퍼','베스트': '베스트','vest': '베스트','트렌치': '코트','버버리': '코트','trench': '코트','패딩': '패딩','다운': '패딩','padding': '패딩','down': '패딩'}"
세인트제임스,Saint James,SAINTJAMES,니트/가디건,,상의,,"{'가디건': '가디건', 'cardigan': '가디건', '니트': '니트/스웨터', '스웨터': '니트/스웨터', 'knit': '니트/스웨터', 'sweater': '니트/스웨터'}"
세인트제임스,Saint James,SAINTJAMES,티셔츠,,티셔츠,,
세인트제임스,Saint James,SAINTJAMES,원피스,,,,
산드로,sandro,SANDRO,코트,,아우터,,"{'자켓': '자켓','블레이저': '자켓','재킷': '자켓','블레이져': '자켓','blazer': '자켓','jacket': '자켓','코트': '코트','coat': '코트','점퍼': '점퍼','jumper': '점퍼','베스트': '베스트','vest': '베스트','트렌치': '코트','버버리': '코트','trench': '코트','패딩': '패딩','다운': '패딩','padding': '패딩','down': '패딩'}"
산드로,sandro,SANDRO,탑,,,,"{'블라우스': '블라우스','blouse': '블라우스','셔츠': '셔츠','shirt': '셔츠','shirts': '셔츠','티셔츠': '티셔츠','가디건': '가디건','cardigan': '가디건','니트': '니트/스웨터','스웨터': '니트/스웨터','knit': '니트/스웨터','sweater': '니트/스웨터'}"
산드로,sandro,SANDRO,팬츠,,,,"{'데님': '데님','진': '데님','청바지': '데님','denim': '데님','jeans': '데님','팬츠': '팬츠','pants': '팬츠','바지': '팬츠','슬랙스': '팬츠'}"
산드로,sandro,SANDRO,블라우스,,블라우스,,
산드로,sandro,SANDRO,셔츠,,셔츠,,
산드로,sandro,SANDRO,니트,,니트/스웨터,,
산드로,sandro,SANDRO,가디건,상의,가디건,,
산드로,sandro,SANDRO,원피스,,,,
산드로,sandro,SANDRO,자켓,아우터,자켓,,
산드로,sandro,SANDRO,스커트,,,,
산드로,sandro,SANDRO,슈즈,신발,,,
세이브 더 덕,SAVE THE DUCK,SAVETHEDUCK,점퍼,아우터,,,"{'자켓': '자켓','블레이저': '자켓','재킷': '자켓','블레이져': '자켓','blazer': '자켓','jacket': '자켓','코트': '코트','coat': '코트','점퍼': '점퍼','jumper': '점퍼','베스트': '베스트','vest': '베스트','트렌치': '코트','버버리': '코트','trench': '코트','패딩': '패딩','다운': '패딩','padding': '패딩','down': '패딩'}"
쉬즈미스,SHESMISS,SHESMISS,코트,아우터,,,"{'자켓': '자켓','블레이저': '자켓','재킷': '자켓','블레이져': '자켓','blazer': '자켓','jacket': '자켓','코트': '코트','coat': '코트','점퍼': '점퍼','jumper': '점퍼','베스트': '베스트','vest': '베스트','트렌치': '코트','버버리': '코트','trench': '코트','패딩': '패딩','다운': '패딩','padding': '패딩','down': '패딩'}"
쉬즈미스,SHESMISS,SHESMISS,패딩&점퍼,아우터,,,"{'자켓': '자켓','블레이저': '자켓','재킷': '자켓','블레이져': '자켓','blazer': '자켓','jacket': '자켓','코트': '코트','coat': '코트','점퍼': '점퍼','jumper': '점퍼','베스트': '베스트','vest': '베스트','트렌치': '코트','버버리': '코트','trench': '코트','패딩': '패딩','다운': '패딩','padding': '패딩','down': '패딩'}"
쉬즈미스,SHESMISS,SHESMISS,재킷&베스트,아우터,,,"{'자켓': '자켓','블레이저': '자켓','재킷': '자켓','블레이져': '자켓','blazer': '자켓','jacket': '자켓','코트': '코트','coat': '코트','점퍼': '점퍼','jumper': '점퍼','베스트': '베스트','vest': '베스트','트렌치': '코트','버버리': '코트','trench': '코트','패딩': '패딩','다운': '패딩','padding': '패딩','down': '패딩'}"
쉬즈미스,SHESMISS,SHESMISS,블라우스&셔츠,상의,,,"{'블라우스': '블라우스','blouse': '블라우스','셔츠': '셔츠','shirt': '셔츠','shirts': '셔츠'}"
쉬즈미스,SHESMISS,SHESMISS,팬츠,바지,,,"{'데님': '데님','진': '데님','청바지': '데님','denim': '데님','jeans': '데님','팬츠': '팬츠','pants': '팬츠','바지': '팬츠','슬랙스': '팬츠'}"
쉬즈미스,SHESMISS,SHESMISS,니트&가디건,상의,,,"{'가디건': '가디건', 'cardigan': '가디건', '니트': '니트/스웨터', '스웨터': '니트/스웨터', 'knit': '니트/스웨터', 'sweater': '니트/스웨터'}"
쉬즈미스,SHESMISS,SHESMISS,원피스,원피스/세트,,,
쉬즈미스,SHESMISS,SHESMISS,스커트,스커트,,,
쉬즈미스,SHESMISS,SHESMISS,티셔츠,상의,티셔츠,,
에스제이에스제이,SJSJ,SJSJ,아우터,아우터,,,"{'자켓': '자켓','블레이저': '자켓','재킷': '자켓','블레이져': '자켓','blazer': '자켓','jacket': '자켓','코트': '코트','coat': '코트','점퍼': '점퍼','jumper': '점퍼','베스트': '베스트','vest': '베스트','트렌치': '코트','버버리': '코트','trench': '코트','패딩': '패딩','다운': '패딩','padding': '패딩','down': '패딩'}"
에스제이에스제이,SJSJ,SJSJ,탑,,,,"{'블라우스': '블라우스','blouse': '블라우스','셔츠': '셔츠','shirt': '셔츠','shirts': '셔츠','티셔츠': '티셔츠','가디건': '가디건','cardigan': '가디건','니트': '니트/스웨터','스웨터': '니트/스웨터','knit': '니트/스웨터','sweater': '니트/스웨터'}"
에스제이에스제이,SJSJ,SJSJ,팬츠,바지,,,"{'데님': '데님','진': '데님','청바지': '데님','denim': '데님','jeans': '데님','팬츠': '팬츠','pants': '팬츠','바지': '팬츠','슬랙스': '팬츠'}"
에스제이에스제이,SJSJ,SJSJ,스커트,스커트,,,
에스제이에스제이,SJSJ,SJSJ,드레스,원피스/세트,,,
에스제이와이피,SJYP,SJYP,상의,상의,,,"{'블라우스': '블라우스','blouse': '블라우스','셔츠': '셔츠','shirt': '셔츠','shirts': '셔츠'}"
에스제이와이피,SJYP,SJYP,니트/스웨터,상의,,,"{'가디건': '가디건', 'cardigan': '가디건', '니트': '니트/스웨터', '스웨터': '니트/스웨터', 'knit': '니트/스웨터', 'sweater': '니트/스웨터'}"
에스제이와이피,SJYP,SJYP,아우터,아우터,,,
에스제이와이피,SJYP,SJYP,팬츠,바지,팬츠,,
에스제이와이피,SJYP,SJYP,데님,바지,데님,,
에스제이와이피,SJYP,SJYP,원피스,원피스/세트,,,
에스제이와이피,SJYP,SJYP,스커트,스커트,,,
에스제이와이피,SJYP,SJYP,티셔츠,상의,티셔츠,,
에스제이와이피,SJYP,SJYP,언더웨어,라운지/언더웨어,,,
슬로웨어,SLOWEAR,SLOWEAR,상의,상의,,,"{'블라우스': '블라우스','blouse': '블라우스','셔츠': '셔츠','shirt': '셔츠','shirts': '셔츠'}"
슬로웨어,SLOWEAR,SLOWEAR,팬츠,바지,,,"{'데님': '데님','진': '데님','청바지': '데님','denim': '데님','jeans': '데님','팬츠': '팬츠','pants': '팬츠','바지': '팬츠','슬랙스': '팬츠'}"
슬로웨어,SLOWEAR,SLOWEAR,니트,상의,,,"{'가디건': '가디건', 'cardigan': '가디건', '니트': '니트/스웨터', '스웨터': '니트/스웨터', 'knit': '니트/스웨터', 'sweater': '니트/스웨터'}"
슬로웨어,SLOWEAR,SLOWEAR,티셔츠,상의,티셔츠,,
스텔라 맥카트니,STELLA McCARTNEY,STELLAMCCARTNEY,자켓/베스트,아우터,,,"{'자켓': '자켓','블레이저': '자켓','재킷': '자켓','블레이져': '자켓','blazer': '자켓','jacket': '자켓','코트': '코트','coat': '코트','점퍼': '점퍼','jumper': '점퍼','베스트': '베스트','vest': '베스트','트렌치': '코트','버버리': '코트','trench': '코트','패딩': '패딩','다운': '패딩','padding': '패딩','down': '패딩'}"
스텔라 맥카트니,STELLA McCARTNEY,STELLAMCCARTNEY,코트,아우터,,,"{'자켓': '자켓','블레이저': '자켓','재킷': '자켓','블레이져': '자켓','blazer': '자켓','jacket': '자켓','코트': '코트','coat': '코트','점퍼': '점퍼','jumper': '점퍼','베스트': '베스트','vest': '베스트','트렌치': '코트','버버리': '코트','trench': '코트','패딩': '패딩','다운': '패딩','padding': '패딩','down': '패딩'}"
스텔라 맥카트니,STELLA McCARTNEY,STELLAMCCARTNEY,상의,상의,,,"{'블라우스': '블라우스','blouse': '블라우스','셔츠': '셔츠','shirt': '셔츠','shirts': '셔츠'}"
스텔라 맥카트니,STELLA McCARTNEY,STELLAMCCARTNEY,팬츠,바지,,,"{'데님': '데님','진': '데님','청바지': '데님','denim': '데님','jeans': '데님','팬츠': '팬츠','pants': '팬츠','바지': '팬츠','슬랙스': '팬츠'}"
스텔라 맥카트니,STELLA McCARTNEY,STELLAMCCARTNEY,니트,상의,,,"{'가디건': '가디건', 'cardigan': '가디건', '니트': '니트/스웨터', '스웨터': '니트/스웨터', 'knit': '니트/스웨터', 'sweater': '니트/스웨터'}"
스텔라 맥카트니,STELLA McCARTNEY,STELLAMCCARTNEY,티셔츠,상의,티셔츠,,
스텔라 맥카트니,STELLA McCARTNEY,STELLAMCCARTNEY,스커트,스커트,,,
스텔라 맥카트니,STELLA McCARTNEY,STELLAMCCARTNEY,원피스/점프수트,원피스/세트,,,
스튜디오 톰보이,STUDIO TOMBOY,STUDIOTOMBOY,코트,아우터,,,"{'자켓': '자켓','블레이저': '자켓','재킷': '자켓','블레이져': '자켓','blazer': '자켓','jacket': '자켓','코트': '코트','coat': '코트','점퍼': '점퍼','jumper': '점퍼','베스트': '베스트','vest': '베스트','트렌치': '코트','버버리': '코트','trench': '코트','패딩': '패딩','다운': '패딩','padding': '패딩','down': '패딩'}"
스튜디오 톰보이,STUDIO TOMBOY,STUDIOTOMBOY,자켓/베스트,아우터,,,"{'자켓': '자켓','블레이저': '자켓','재킷': '자켓','블레이져': '자켓','blazer': '자켓','jacket': '자켓','코트': '코트','coat': '코트','점퍼': '점퍼','jumper': '점퍼','베스트': '베스트','vest': '베스트','트렌치': '코트','버버리': '코트','trench': '코트','패딩': '패딩','다운': '패딩','padding': '패딩','down': '패딩'}"
스튜디오 톰보이,STUDIO TOMBOY,STUDIOTOMBOY,상의,상의,,,"{'블라우스': '블라우스','blouse': '블라우스','셔츠': '셔츠','shirt': '셔츠','shirts': '셔츠'}"
스튜디오 톰보이,STUDIO TOMBOY,STUDIOTOMBOY,팬츠,바지,,,"{'데님': '데님','진': '데님','청바지': '데님','denim': '데님','jeans': '데님','팬츠': '팬츠','pants': '팬츠','바지': '팬츠','슬랙스': '팬츠'}"
스튜디오 톰보이,STUDIO TOMBOY,STUDIOTOMBOY,니트,상의,,,"{'가디건': '가디건', 'cardigan': '가디건', '니트': '니트/스웨터', '스웨터': '니트/스웨터', 'knit': '니트/스웨터', 'sweater': '니트/스웨터'}"
스튜디오 톰보이,STUDIO TOMBOY,STUDIOTOMBOY,원피스/점프수트,원피스/세트,,,
스튜디오 톰보이,STUDIO TOMBOY,STUDIOTOMBOY,라운지/언더웨어,라운지/언더웨어,,,
스튜디오 톰보이,STUDIO TOMBOY,STUDIOTOMBOY,점퍼,아우터,점퍼,,
스튜디오 톰보이,STUDIO TOMBOY,STUDIOTOMBOY,골프/스포츠웨어,,,,
스튜디오 톰보이,STUDIO TOMBOY,STUDIOTOMBOY,티셔츠,상의,티셔츠,,
스튜디오 톰보이,STUDIO TOMBOY,STUDIOTOMBOY,스커트,스커트,,,
시스템,SYSTEM,SYSTEM,아우터,아우터,,,"{'자켓': '자켓','블레이저': '자켓','재킷': '자켓','블레이져': '자켓','blazer': '자켓','jacket': '자켓','코트': '코트','coat': '코트','점퍼': '점퍼','jumper': '점퍼','베스트': '베스트','vest': '베스트','트렌치': '코트','버버리': '코트','trench': '코트','패딩': '패딩','다운': '패딩','padding': '패딩','down': '패딩'}"
시스템,SYSTEM,SYSTEM,탑,,,,"{'블라우스': '블라우스','blouse': '블라우스','셔츠': '셔츠','shirt': '셔츠','shirts': '셔츠','티셔츠': '티셔츠','가디건': '가디건','cardigan': '가디건','니트': '니트/스웨터','스웨터': '니트/스웨터','knit': '니트/스웨터','sweater': '니트/스웨터'}"
시스템,SYSTEM,SYSTEM,팬츠,바지,,,"{'데님': '데님','진': '데님','청바지': '데님','denim': '데님','jeans': '데님','팬츠': '팬츠','pants': '팬츠','바지': '팬츠','슬랙스': '팬츠'}"
시스템,SYSTEM,SYSTEM,스커트,스커트,,,
시스템,SYSTEM,SYSTEM,드레스,원피스/세트,,,
시스템,SYSTEM,SYSTEM,Special Shop,,,,
시슬리,sisley,SISLEY,TOPS,,,,"{'블라우스': '블라우스','blouse': '블라우스','셔츠': '셔츠','shirt': '셔츠','shirts': '셔츠', '티셔츠': '티셔츠', '가디건': '가디건', 'cardigan': '가디건', '니트': '니트/스웨터', '스웨터': '니트/스웨터', 'knit': '니트/스웨터', 'sweater': '니트/스웨터'}"
시슬리,sisley,SISLEY,BOTTOMS,,,,"{'스커트': '스커트','skirt': '스커트','데님': '데님','진': '데님','청바지': '데님','denim': '데님','jeans': '데님','팬츠': '팬츠','pants': '팬츠','바지': '팬츠','슬랙스': '팬츠'}"
시슬리,sisley,SISLEY,BAG,가방,,,
시슬리,sisley,SISLEY,ACC,패션잡화,,,
시슬리,sisley,SISLEY,OUTER,아우터,,,
시슬리,sisley,SISLEY,DRESS,원피스/세트,,,
더캐시미어,the CASHMERE,THECASHMERE,아우터,아우터,,,"{'자켓': '자켓','블레이저': '자켓','재킷': '자켓','블레이져': '자켓','blazer': '자켓','jacket': '자켓','코트': '코트','coat': '코트','점퍼': '점퍼','jumper': '점퍼','베스트': '베스트','vest': '베스트','트렌치': '코트','버버리': '코트','trench': '코트','패딩': '패딩','다운': '패딩','padding': '패딩','down': '패딩'}"
더캐시미어,the CASHMERE,THECASHMERE,탑,,,,"{'블라우스': '블라우스','blouse': '블라우스','셔츠': '셔츠','shirt': '셔츠','shirts': '셔츠','티셔츠': '티셔츠','가디건': '가디건','cardigan': '가디건','니트': '니트/스웨터','스웨터': '니트/스웨터','knit': '니트/스웨터','sweater': '니트/스웨터'}"
더캐시미어,the CASHMERE,THECASHMERE,팬츠,바지,,,"{'데님': '데님','진': '데님','청바지': '데님','denim': '데님','jeans': '데님','팬츠': '팬츠','pants': '팬츠','바지': '팬츠','슬랙스': '팬츠'}"
더캐시미어,the CASHMERE,THECASHMERE,스커트,스커트,,,
더캐시미어,the CASHMERE,THECASHMERE,드레스,원피스/세트,,,
더캐시미어,the CASHMERE,THECASHMERE,Special Shop,,,,
더아이잗컬렉션,THE IZZAT COLLECTION,THEIZZATCOLLECTION,아우터,아우터,,,"{'자켓': '자켓','블레이저': '자켓','재킷': '자켓','블레이져': '자켓','blazer': '자켓','jacket': '자켓','코트': '코트','coat': '코트','점퍼': '점퍼','jumper': '점퍼','베스트': '베스트','vest': '베스트','트렌치': '코트','버버리': '코트','trench': '코트','패딩': '패딩','다운': '패딩','padding': '패딩','down': '패딩'}"
더아이잗컬렉션,THE IZZAT COLLECTION,THEIZZATCOLLECTION,하의,,,,"{'스커트': '스커트','skirt': '스커트','데님': '데님','진': '데님','청바지': '데님','denim': '데님','jeans': '데님','팬츠': '팬츠','pants': '팬츠','바지': '팬츠','슬랙스': '팬츠'}"
더아이잗컬렉션,THE IZZAT COLLECTION,THEIZZATCOLLECTION,상의,,,,"{'블라우스': '블라우스','blouse': '블라우스','셔츠': '셔츠','shirt': '셔츠','shirts': '셔츠','티셔츠': '티셔츠','가디건': '가디건','cardigan': '가디건','니트': '니트/스웨터','스웨터': '니트/스웨터','knit': '니트/스웨터','sweater': '니트/스웨터'}"
더아이잗컬렉션,THE IZZAT COLLECTION,THEIZZATCOLLECTION,원피스,원피스/세트,,,
더아이잗컬렉션,THE IZZAT COLLECTION,THEIZZATCOLLECTION,잡화,패션잡화,,,
띠어리,Theory,THEORY,재킷/베스트,아우터,,,"{'자켓': '자켓','블레이저': '자켓','재킷': '자켓','블레이져': '자켓','blazer': '자켓','jacket': '자켓','코트': '코트','coat': '코트','점퍼': '점퍼','jumper': '점퍼','베스트': '베스트','vest': '베스트','트렌치': '코트','버버리': '코트','trench': '코트','패딩': '패딩','다운': '패딩','padding': '패딩','down': '패딩'}"
띠어리,Theory,THEORY,아우터,아우터,,,"{'자켓': '자켓','블레이저': '자켓','재킷': '자켓','블레이져': '자켓','blazer': '자켓','jacket': '자켓','코트': '코트','coat': '코트','점퍼': '점퍼','jumper': '점퍼','베스트': '베스트','vest': '베스트','트렌치': '코트','버버리': '코트','trench': '코트','패딩': '패딩','다운': '패딩','padding': '패딩','down': '패딩'}"
띠어리,Theory,THEORY,상의,상의,,,"{'블라우스': '블라우스','blouse': '블라우스','셔츠': '셔츠','shirt': '셔츠','shirts': '셔츠'}"
띠어리,Theory,THEORY,팬츠,바지,,,"{'데님': '데님','진': '데님','청바지': '데님','denim': '데님','jeans': '데님','팬츠': '팬츠','pants': '팬츠','바지': '팬츠','슬랙스': '팬츠'}"
띠어리,Theory,THEORY,니트,상의,,,"{'가디건': '가디건', 'cardigan': '가디건', '니트': '니트/스웨터', '스웨터': '니트/스웨터', 'knit': '니트/스웨터', 'sweater': '니트/스웨터'}"
띠어리,Theory,THEORY,티셔츠,상의,티셔츠,,
띠어리,Theory,THEORY,스커트,스커트,,,
띠어리,Theory,THEORY,원피스,원피스/세트,,,
타임,TIME,TIME,아우터,아우터,,,"{'자켓': '자켓','블레이저': '자켓','재킷': '자켓','블레이져': '자켓','blazer': '자켓','jacket': '자켓','코트': '코트','coat': '코트','점퍼': '점퍼','jumper': '점퍼','베스트': '베스트','vest': '베스트','트렌치': '코트','버버리': '코트','trench': '코트','패딩': '패딩','다운': '패딩','padding': '패딩','down': '패딩'}"
타임,TIME,TIME,탑,,,,"{'블라우스': '블라우스','blouse': '블라우스','셔츠': '셔츠','shirt': '셔츠','shirts': '셔츠','티셔츠': '티셔츠','가디건': '가디건','cardigan': '가디건','니트': '니트/스웨터','스웨터': '니트/스웨터','knit': '니트/스웨터','sweater': '니트/스웨터'}"
타임,TIME,TIME,팬츠,바지,,,"{'데님': '데님','진': '데님','청바지': '데님','denim': '데님','jeans': '데님','팬츠': '팬츠','pants': '팬츠','바지': '팬츠','슬랙스': '팬츠'}"
타임,TIME,TIME,스커트,스커트,,,
타임,TIME,TIME,드레스,원피스/세트,,,
타임,TIME,TIME,Special Shop,,,,
타미힐피거,TOMMY HILFIGER,TOMMYHILFIGERW,아우터,아우터,,,"{'자켓': '자켓','블레이저': '자켓','재킷': '자켓','블레이져': '자켓','blazer': '자켓','jacket': '자켓','코트': '코트','coat': '코트','점퍼': '점퍼','jumper': '점퍼','베스트': '베스트','vest': '베스트','트렌치': '코트','버버리': '코트','trench': '코트','패딩': '패딩','다운': '패딩','padding': '패딩','down': '패딩'}"
타미힐피거,TOMMY HILFIGER,TOMMYHILFIGERW,상의,상의,,,"{'블라우스': '블라우스','blouse': '블라우스','셔츠': '셔츠','shirt': '셔츠','shirts': '셔츠'}"
타미힐피거,TOMMY HILFIGER,TOMMYHILFIGERW,팬츠,바지,,,"{'데님': '데님','진': '데님','청바지': '데님','denim': '데님','jeans': '데님','팬츠': '팬츠','pants': '팬츠','바지': '팬츠','슬랙스': '팬츠'}"
타미힐피거,TOMMY HILFIGER,TOMMYHILFIGERW,니트/스웨터,상의,,,"{'가디건': '가디건', 'cardigan': '가디건', '니트': '니트/스웨터', '스웨터': '니트/스웨터', 'knit': '니트/스웨터', 'sweater': '니트/스웨터'}"
타미힐피거,TOMMY HILFIGER,TOMMYHILFIGERW,티셔츠,상의,티셔츠,,
타미힐피거,TOMMY HILFIGER,TOMMYHILFIGERW,데님,,,,
타미힐피거,TOMMY HILFIGER,TOMMYHILFIGERW,원피스,원피스/세트,,,
타미힐피거,TOMMY HILFIGER,TOMMYHILFIGERW,스커트,스커트,,,
바네사브루노,VANESSABRUNO,VANESSABRUNO,셔츠,상의,,,"{'블라우스': '블라우스','blouse': '블라우스','셔츠': '셔츠','shirt': '셔츠','shirts': '셔츠'}"
바네사브루노,VANESSABRUNO,VANESSABRUNO,팬츠,바지,,,"{'데님': '데님','진': '데님','청바지': '데님','denim': '데님','jeans': '데님','팬츠': '팬츠','pants': '팬츠','바지': '팬츠','슬랙스': '팬츠'}"
바네사브루노,VANESSABRUNO,VANESSABRUNO,니트/스웨터,상의,,,"{'가디건': '가디건', 'cardigan': '가디건', '니트': '니트/스웨터', '스웨터': '니트/스웨터', 'knit': '니트/스웨터', 'sweater': '니트/스웨터'}"
바네사브루노,VANESSABRUNO,VANESSABRUNO,티셔츠,상의,티셔츠,,
바네사브루노,VANESSABRUNO,VANESSABRUNO,원피스,원피스/세트,,,
바네사브루노,VANESSABRUNO,VANESSABRUNO,스커트,스커트,,,
베네통,BENETTON,BENETTON,TOPS,,,,"{'블라우스': '블라우스','blouse': '블라우스','셔츠': '셔츠','shirt': '셔츠','shirts': '셔츠', '티셔츠': '티셔츠', '가디건': '가디건', 'cardigan': '가디건', '니트': '니트/스웨터', '스웨터': '니트/스웨터', 'knit': '니트/스웨터', 'sweater': '니트/스웨터'}"
베네통,BENETTON,BENETTON,BOTTOMS,,,,"{'스커트': '스커트','skirt': '스커트','데님': '데님','진': '데님','청바지': '데님','denim': '데님','jeans': '데님','팬츠': '팬츠','pants': '팬츠','바지': '팬츠','슬랙스': '팬츠'}"
베네통,BENETTON,BENETTON,ACC,패션잡화,,,
빈스,VINCE,VINCE,셔츠,상의,,,"{'블라우스': '블라우스','blouse': '블라우스','셔츠': '셔츠','shirt': '셔츠','shirts': '셔츠'}"
빈스,VINCE,VINCE,팬츠,바지,,,"{'데님': '데님','진': '데님','청바지': '데님','denim': '데님','jeans': '데님','팬츠': '팬츠','pants': '팬츠','바지': '팬츠','슬랙스': '팬츠'}"
빈스,VINCE,VINCE,니트/스웨터,상의,,,"{'가디건': '가디건', 'cardigan': '가디건', '니트': '니트/스웨터', '스웨터': '니트/스웨터', 'knit': '니트/스웨터', 'sweater': '니트/스웨터'}"
빈스,VINCE,VINCE,원피스,원피스/세트,,,
빈스,VINCE,VINCE,스커트,스커트,,,
빈스,VINCE,VINCE,티셔츠,상의,티셔츠,,
비자비,VIS A VIS,VISAVIS,코트,아우터,,,"{'자켓': '자켓','블레이저': '자켓','재킷': '자켓','블레이져': '자켓','blazer': '자켓','jacket': '자켓','코트': '코트','coat': '코트','점퍼': '점퍼','jumper': '점퍼','베스트': '베스트','vest': '베스트','트렌치': '코트','버버리': '코트','trench': '코트','패딩': '패딩','다운': '패딩','padding': '패딩','down': '패딩'}"
비자비,VIS A VIS,VISAVIS,점퍼,아우터,,,"{'자켓': '자켓','블레이저': '자켓','재킷': '자켓','블레이져': '자켓','blazer': '자켓','jacket': '자켓','코트': '코트','coat': '코트','점퍼': '점퍼','jumper': '점퍼','베스트': '베스트','vest': '베스트','트렌치': '코트','버버리': '코트','trench': '코트','패딩': '패딩','다운': '패딩','padding': '패딩','down': '패딩'}"
비자비,VIS A VIS,VISAVIS,자켓/베스트,아우터,,,"{'자켓': '자켓','블레이저': '자켓','재킷': '자켓','블레이져': '자켓','blazer': '자켓','jacket': '자켓','코트': '코트','coat': '코트','점퍼': '점퍼','jumper': '점퍼','베스트': '베스트','vest': '베스트','트렌치': '코트','버버리': '코트','trench': '코트','패딩': '패딩','다운': '패딩','padding': '패딩','down': '패딩'}"
비자비,VIS A VIS,VISAVIS,상의,상의,,,"{'블라우스': '블라우스','blouse': '블라우스','셔츠': '셔츠','shirt': '셔츠','shirts': '셔츠'}"
비자비,VIS A VIS,VISAVIS,팬츠,바지,,,"{'데님': '데님','진': '데님','청바지': '데님','denim': '데님','jeans': '데님','팬츠': '팬츠','pants': '팬츠','바지': '팬츠','슬랙스': '팬츠'}"
비자비,VIS A VIS,VISAVIS,원피스/점프수트,원피스/세트,,,
비자비,VIS A VIS,VISAVIS,티셔츠,상의,티셔츠,,
보브,VOV,VOV,자켓/베스트,아우터,,,"{'자켓': '자켓','블레이저': '자켓','재킷': '자켓','블레이져': '자켓','blazer': '자켓','jacket': '자켓','코트': '코트','coat': '코트','점퍼': '점퍼','jumper': '점퍼','베스트': '베스트','vest': '베스트','트렌치': '코트','버버리': '코트','trench': '코트','패딩': '패딩','다운': '패딩','padding': '패딩','down': '패딩'}"
보브,VOV,VOV,코트,아우터,,,"{'자켓': '자켓','블레이저': '자켓','재킷': '자켓','블레이져': '자켓','blazer': '자켓','jacket': '자켓','코트': '코트','coat': '코트','점퍼': '점퍼','jumper': '점퍼','베스트': '베스트','vest': '베스트','트렌치': '코트','버버리': '코트','trench': '코트','패딩': '패딩','다운': '패딩','padding': '패딩','down': '패딩'}"
보브,VOV,VOV,점퍼,아우터,,,"{'자켓': '자켓','블레이저': '자켓','재킷': '자켓','블레이져': '자켓','blazer': '자켓','jacket': '자켓','코트': '코트','coat': '코트','점퍼': '점퍼','jumper': '점퍼','베스트': '베스트','vest': '베스트','트렌치': '코트','버버리': '코트','trench': '코트','패딩': '패딩','다운': '패딩','padding': '패딩','down': '패딩'}"
보브,VOV,VOV,상의,상의,,,"{'블라우스': '블라우스','blouse': '블라우스','셔츠': '셔츠','shirt': '셔츠','shirts': '셔츠'}"
보브,VOV,VOV,팬츠,바지,,,"{'데님': '데님','진': '데님','청바지': '데님','denim': '데님','jeans': '데님','팬츠': '팬츠','pants': '팬츠','바지': '팬츠','슬랙스': '팬츠'}"
보브,VOV,VOV,니트,상의,,,"{'가디건': '가디건', 'cardigan': '가디건', '니트': '니트/스웨터', '스웨터': '니트/스웨터', 'knit': '니트/스웨터', 'sweater': '니트/스웨터'}"
보브,VOV,VOV,티셔츠,상의,티셔츠,,
보브,VOV,VOV,스커트,스커트,,,
보브,VOV,VOV,골프/스포츠웨어,,,,
보브,VOV,VOV,원피스/점프수트,원피스/세트,,,
브블먼트,VPPLEMENT,VPPLEMENT,자켓/베스트,아우터,,,"{'자켓': '자켓','블레이저': '자켓','재킷': '자켓','블레이져': '자켓','blazer': '자켓','jacket': '자켓','코트': '코트','coat': '코트','점퍼': '점퍼','jumper': '점퍼','베스트': '베스트','vest': '베스트','트렌치': '코트','버버리': '코트','trench': '코트','패딩': '패딩','다운': '패딩','padding': '패딩','down': '패딩'}"
브블먼트,VPPLEMENT,VPPLEMENT,코트,아우터,,,"{'자켓': '자켓','블레이저': '자켓','재킷': '자켓','블레이져': '자켓','blazer': '자켓','jacket': '자켓','코트': '코트','coat': '코트','점퍼': '점퍼','jumper': '점퍼','베스트': '베스트','vest': '베스트','트렌치': '코트','버버리': '코트','trench': '코트','패딩': '패딩','다운': '패딩','padding': '패딩','down': '패딩'}"
브블먼트,VPPLEMENT,VPPLEMENT,점퍼,아우터,,,"{'자켓': '자켓','블레이저': '자켓','재킷': '자켓','블레이져': '자켓','blazer': '자켓','jacket': '자켓','코트': '코트','coat': '코트','점퍼': '점퍼','jumper': '점퍼','베스트': '베스트','vest': '베스트','트렌치': '코트','버버리': '코트','trench': '코트','패딩': '패딩','다운': '패딩','padding': '패딩','down': '패딩'}"
브블먼트,VPPLEMENT,VPPLEMENT,팬츠,바지,,,"{'데님': '데님','진': '데님','청바지': '데님','denim': '데님','jeans': '데님','팬츠': '팬츠','pants': '팬츠','바지': '팬츠','슬랙스': '팬츠'}"
브블먼트,VPPLEMENT,VPPLEMENT,니트,상의,,,"{'가디건': '가디건', 'cardigan': '가디건', '니트': '니트/스웨터', '스웨터': '니트/스웨터', 'knit': '니트/스웨터', 'sweater': '니트/스웨터'}"
브블먼트,VPPLEMENT,VPPLEMENT,티셔츠,상의,티셔츠,,
쥬크,ZOOC,ZOOC,아우터,아우터,,,"{'자켓': '자켓','블레이저': '자켓','재킷': '자켓','블레이져': '자켓','blazer': '자켓','jacket': '자켓','코트': '코트','coat': '코트','점퍼': '점퍼','jumper': '점퍼','베스트': '베스트','vest': '베스트','트렌치': '코트','버버리': '코트','trench': '코트','패딩': '패딩','다운': '패딩','padding': '패딩','down': '패딩'}"
쥬크,ZOOC,ZOOC,탑,,,,"{'블라우스': '블라우스','blouse': '블라우스','셔츠': '셔츠','shirt': '셔츠','shirts': '셔츠','티셔츠': '티셔츠','가디건': '가디건','cardigan': '가디건','니트': '니트/스웨터','스웨터': '니트/스웨터','knit': '니트/스웨터','sweater': '니트/스웨터'}"
쥬크,ZOOC,ZOOC,팬츠,바지,,,"{'데님': '데님','진': '데님','청바지': '데님','denim': '데님','jeans': '데님','팬츠': '팬츠','pants': '팬츠','바지': '팬츠','슬랙스': '팬츠'}"
쥬크,ZOOC,ZOOC,드레스,원피스/세트,,,
쥬크,ZOOC,ZOOC,스커트,스커트,,,
올리브데올리브,OLIVEDESOLIVE,OLIVEDESOLIVE,원피스,원피스/세트,,,
올리브데올리브,OLIVEDESOLIVE,OLIVEDESOLIVE,팬츠,바지,,,"{'데님': '데님', '진': '데님', '청바지': '데님', 'denim': '데님', 'jeans': '데님', '팬츠': '팬츠', 'pants': '팬츠', '바지': '팬츠', '슬랙스': '팬츠'}"
올리브데올리브,OLIVEDESOLIVE,OLIVEDESOLIVE,탑웨어,,,,"{'블라우스': '블라우스', 'blouse': '블라우스', '셔츠': '셔츠', 'shirt': '셔츠', 'shirts': '셔츠', '티셔츠': '티셔츠','가디건': '가디건', 'cardigan': '가디건', '니트': '니트/스웨터', '스웨터': '니트/스웨터', 'knit': '니트/스웨터', 'sweater': '니트/스웨터'}"
올리브데올리브,OLIVEDESOLIVE,OLIVEDESOLIVE,아우터,아우터,,,"{'자켓': '자켓', '블레이저': '자켓', '재킷': '자켓', '블레이져': '자켓', 'blazer': '자켓', 'jacket': '자켓', '코트': '코트', 'coat': '코트', '점퍼': '점퍼', 'jumper': '점퍼','베스트': '베스트', 'vest': '베스트', '트렌치': '코트', '버버리': '코트', 'trench': '코트', '패딩': '패딩', '다운': '패딩', 'padding': '패딩', 'down': '패딩'}"
올리브데올리브,OLIVEDESOLIVE,OLIVEDESOLIVE,상의,상의,,,"{'가디건': '가디건', 'cardigan': '가디건', '니트': '니트/스웨터', '스웨터': '니트/스웨터', 'knit': '니트/스웨터', 'sweater': '니트/스웨터'}"
온앤온,ONANDON,ONANDON,탑웨어,,,,"{'블라우스': '블라우스', 'blouse': '블라우스', '셔츠': '셔츠', 'shirt': '셔츠', 'shirts': '셔츠', '티셔츠': '티셔츠','가디건': '가디건', 'cardigan': '가디건', '니트': '니트/스웨터', '스웨터': '니트/스웨터', 'knit': '니트/스웨터', 'sweater': '니트/스웨터'}"
온앤온,ONANDON,ONANDON,아우터,,,,"{'자켓': '자켓', '블레이저': '자켓', '재킷': '자켓', '블레이져': '자켓', 'blazer': '자켓', 'jacket': '자켓', '코트': '코트', 'coat': '코트', '점퍼': '점퍼', 'jumper': '점퍼','베스트': '베스트', 'vest': '베스트', '트렌치': '코트', '버버리': '코트', 'trench': '코트', '패딩': '패딩', '다운': '패딩', 'padding': '패딩', 'down': '패딩'}"
온앤온,ONANDON,ONANDON,상의,상의,,,"{'가디건': '가디건', 'cardigan': '가디건', '니트': '니트/스웨터', '스웨터': '니트/스웨터', 'knit': '니트/스웨터', 'sweater': '니트/스웨터'}"
온앤온,ONANDON,ONANDON,원피스,원피스/세트,,,
온앤온,ONANDON,ONANDON,스커트,스커트,,,
온앤온,ONANDON,ONANDON,팬츠,바지,,,"{'데님': '데님','진': '데님','청바지': '데님','denim': '데님','jeans': '데님','팬츠': '팬츠','pants': '팬츠','바지': '팬츠','슬랙스': '팬츠'}"
온앤온,ONANDON,ONANDON,패션잡화,,,,
라인,LINE,LINE,아울렛,,,,"{'자켓': '자켓', '블레이저': '자켓', '재킷': '자켓', '블레이져': '자켓', 'blazer': '자켓', 'jacket': '자켓', '코트': '코트', 'coat': '코트','점퍼': '점퍼', 'jumper': '점퍼', '베스트': '베스트', 'vest': '베스트', '트렌치': '코트', '버버리': '코트', 'trench': '코트', '패딩': '패딩', '다운': '패딩', 'padding': '패딩', 'down': '패딩', '블라우스': '블라우스', 'blouse': '블라우스', '셔츠': '셔츠', 'shirt': '셔츠', 'shirts': '셔츠', '티셔츠': '티셔츠', '가디건': '가디건', 'cardigan': '가디건', '니트': '니트/스웨터', '스웨터': '니트/스웨터', 'knit': '니트/스웨터', 'sweater': '니트/스웨터', '스커트': '스커트', 'skirt': '스커트', '데님': '데님', '진': '데님', '청바지': '데님', 'denim': '데님', 'jeans': '데님', '팬츠': '팬츠', 'pants': '팬츠', '바지': '팬츠', '슬랙스': '팬츠'}"
린,LYNN,LYNN,아울렛,,,,"{'자켓': '자켓', '블레이저': '자켓', '재킷': '자켓', '블레이져': '자켓', 'blazer': '자켓', 'jacket': '자켓', '코트': '코트', 'coat': '코트','점퍼': '점퍼', 'jumper': '점퍼', '베스트': '베스트', 'vest': '베스트', '트렌치': '코트', '버버리': '코트', 'trench': '코트', '패딩': '패딩', '다운': '패딩', 'padding': '패딩', 'down': '패딩', '블라우스': '블라우스', 'blouse': '블라우스', '셔츠': '셔츠', 'shirt': '셔츠', 'shirts': '셔츠', '티셔츠': '티셔츠', '가디건': '가디건', 'cardigan': '가디건', '니트': '니트/스웨터', '스웨터': '니트/스웨터', 'knit': '니트/스웨터', 'sweater': '니트/스웨터', '스커트': '스커트', 'skirt': '스커트', '데님': '데님', '진': '데님', '청바지': '데님', 'denim': '데님', 'jeans': '데님', '팬츠': '팬츠', 'pants': '팬츠', '바지': '팬츠', '슬랙스': '팬츠'}"
케네스레이디,KENNETHLADY,KENNETHLADY,아울렛,,,,"{'자켓': '자켓', '블레이저': '자켓', '재킷': '자켓', '블레이져': '자켓', 'blazer': '자켓', 'jacket': '자켓', '코트': '코트', 'coat': '코트','점퍼': '점퍼', 'jumper': '점퍼', '베스트': '베스트', 'vest': '베스트', '트렌치': '코트', '버버리': '코트', 'trench': '코트', '패딩': '패딩', '다운': '패딩', 'padding': '패딩', 'down': '패딩', '블라우스': '블라우스', 'blouse': '블라우스', '셔츠': '셔츠', 'shirt': '셔츠', 'shirts': '셔츠', '티셔츠': '티셔츠', '가디건': '가디건', 'cardigan': '가디건', '니트': '니트/스웨터', '스웨터': '니트/스웨터', 'knit': '니트/스웨터', 'sweater': '니트/스웨터', '스커트': '스커트', 'skirt': '스커트', '데님': '데님', '진': '데님', '청바지': '데님', 'denim': '데님', 'jeans': '데님', '팬츠': '팬츠', 'pants': '팬츠', '바지': '팬츠', '슬랙스': '팬츠'}"
모에,MOE,MOE,아울렛,,,,"{'자켓': '자켓', '블레이저': '자켓', '재킷': '자켓', '블레이져': '자켓', 'blazer': '자켓', 'jacket': '자켓', '코트': '코트', 'coat': '코트','점퍼': '점퍼', 'jumper': '점퍼', '베스트': '베스트', 'vest': '베스트', '트렌치': '코트', '버버리': '코트', 'trench': '코트', '패딩': '패딩', '다운': '패딩', 'padding': '패딩', 'down': '패딩', '블라우스': '블라우스', 'blouse': '블라우스', '셔츠': '셔츠', 'shirt': '셔츠', 'shirts': '셔츠', '티셔츠': '티셔츠', '가디건': '가디건', 'cardigan': '가디건', '니트': '니트/스웨터', '스웨터': '니트/스웨터', 'knit': '니트/스웨터', 'sweater': '니트/스웨터', '스커트': '스커트', 'skirt': '스커트', '데님': '데님', '진': '데님', '청바지': '데님', 'denim': '데님', 'jeans': '데님', '팬츠': '팬츠', 'pants': '팬츠', '바지': '팬츠', '슬랙스': '팬츠'}"
에고이스트,EGOIST,EGOIST,OUTER,아우터,,,"{'자켓': '자켓', '블레이저': '자켓', '재킷': '자켓', '블레이져': '자켓', 'blazer': '자켓', 'jacket': '자켓', '코트': '코트', 'coat': '코트','점퍼': '점퍼', 'jumper': '점퍼', '베스트': '베스트', 'vest': '베스트', '트렌치': '코트', '버버리': '코트', 'trench': '코트', '패딩': '패딩', '다운': '패딩', 'padding': '패딩', 'down': '패딩'}"
에고이스트,EGOIST,EGOIST,TOP,,,,"{'블라우스': '블라우스', 'blouse': '블라우스', '셔츠': '셔츠', 'shirt': '셔츠', 'shirts': '셔츠', '티셔츠': '티셔츠', '가디건': '가디건', 'cardigan': '가디건', '니트': '니트/스웨터', '스웨터': '니트/스웨터', 'knit': '니트/스웨터', 'sweater': '니트/스웨터'}"
에고이스트,EGOIST,EGOIST,BOTTOM,,,,"{'스커트': '스커트', 'skirt': '스커트', '데님': '데님', '진': '데님', '청바지': '데님', 'denim': '데님', 'jeans': '데님', '팬츠': '팬츠', 'pants': '팬츠', '바지': '팬츠', '슬랙스': '팬츠'}"
에고이스트,EGOIST,EGOIST,ACC,,,,
플라스틱아일랜드,PLASTICISLAND,PLASTICISLAND,OUTER,아우터,,,"{'자켓': '자켓', '블레이저': '자켓', '재킷': '자켓', '블레이져': '자켓', 'blazer': '자켓', 'jacket': '자켓', '코트': '코트', 'coat': '코트','점퍼': '점퍼', 'jumper': '점퍼', '베스트': '베스트', 'vest': '베스트', '트렌치': '코트', '버버리': '코트', 'trench': '코트', '패딩': '패딩', '다운': '패딩', 'padding': '패딩', 'down': '패딩'}"
플라스틱아일랜드,PLASTICISLAND,PLASTICISLAND,TOP,,,,"{'블라우스': '블라우스', 'blouse': '블라우스', '셔츠': '셔츠', 'shirt': '셔츠', 'shirts': '셔츠', '티셔츠': '티셔츠', '가디건': '가디건', 'cardigan': '가디건', '니트': '니트/스웨터', '스웨터': '니트/스웨터', 'knit': '니트/스웨터', 'sweater': '니트/스웨터'}"
플라스틱아일랜드,PLASTICISLAND,PLASTICISLAND,DRESS,원피스/세트,,,
플라스틱아일랜드,PLASTICISLAND,PLASTICISLAND,BOTTOM,,,,"{'스커트': '스커트', 'skirt': '스커트', '데님': '데님', '진': '데님', '청바지': '데님', 'denim': '데님', 'jeans': '데님', '팬츠': '팬츠', 'pants': '팬츠', '바지': '팬츠', '슬랙스': '팬츠'}"
플라스틱아일랜드,PLASTICISLAND,PLASTICISLAND,KIDS,,,,
플라스틱아일랜드,PLASTICISLAND,PLASTICISLAND,ACC,,,,
랩,LAP,LAP,DRESS,원피스/세트,,,
랩,LAP,LAP,BOTTOM,,,,"{'스커트': '스커트', 'skirt': '스커트', '데님': '데님', '진': '데님', '청바지': '데님', 'denim': '데님', 'jeans': '데님', '팬츠': '팬츠', 'pants': '팬츠', '바지': '팬츠', '슬랙스': '팬츠'}"
랩,LAP,LAP,ACC,,,,
랩,LAP,LAP,OUTER,아우터,,,"{'자켓': '자켓', '블레이저': '자켓', '재킷': '자켓', '블레이져': '자켓', 'blazer': '자켓', 'jacket': '자켓', '코트': '코트', 'coat': '코트','점퍼': '점퍼', 'jumper': '점퍼', '베스트': '베스트', 'vest': '베스트', '트렌치': '코트', '버버리': '코트', 'trench': '코트', '패딩': '패딩', '다운': '패딩', 'padding': '패딩', 'down': '패딩'}"
랩,LAP,LAP,TOP,,,,"{'블라우스': '블라우스', 'blouse': '블라우스', '셔츠': '셔츠', 'shirt': '셔츠', 'shirts': '셔츠', '티셔츠': '티셔츠', '가디건': '가디건', 'cardigan': '가디건', '니트': '니트/스웨터', '스웨터': '니트/스웨터', 'knit': '니트/스웨터', 'sweater': '니트/스웨터'}"